Listing Title (Required),Listing SEO Title,Listing Email,Listing URL,Listing Address,Listing Address2,Listing Country,Listing Country Abbreviation,Listing Region,Listing Region Abbreviation,Listing State,Listing State Abbreviation,Listing City,Listing City Abbreviation,Listing Neighborhood,Listing Neighborhood Abbreviation,Listing Postal Code,Listing Latitude,Listing Longitude,Listing Phone,Listing Fax,Listing Short Description,Listing Long Description,Listing SEO Description,Listing Keywords,Listing Renewal Date,Listing Status,Listing Level,Listing Category 1,Listing Category 2,Listing Category 3,Listing Category 4,Listing Category 5,Listing Template,Listing DB Id,Custom ID,Account Username,Account Password,Account Contact First Name,Account Contact Last Name,Account Contact Company,Account Contact Address,Account Contact Address2,Account Contact Country,Account Contact State,Account Contact City,Account Contact Postal Code,Account Contact Phone,Account Contact Fax,Account Contact Email,Account Contact URL
Bees Knees Dance,Bees Knees Dance,info@beeskneesdance.com,http://beeskneesdance.com,"805 Dovercourt Road, Toronto ON",,,,,,,,,,,,M6H 2X4,43.662778,-79.429509,(647) 478-9682,,,"Named for the popular 1920s slang, Bees’ Knees Dance strives to embody the impressive standard from which our moniker was derived. The compliment was often bestowed on those deemed terrific dancers and we believe the expression can apply to absolutely anyone.Founded in 1999 by notable Toronto dancer Mandi Gould, Bees’ Knees Dance is now thriving under an enthusiastic collective of the studio’s instructors. Boasting decades of combined experience, members of the core team have trained with some of the world’s best across North America and Europe and compete and perform internationally with the Bees’ Knees Dance professional troupe, That Swing!.Classes with Bees’ Knees Dance are innovative, relaxed, and infectious, providing individual attention to each student and appealing to beginner and experienced dancers alike. We offer classes in Lindy Hop, Charleston, Balboa, Cane Tricks and Authentic Solo Jazz and Tap, and proudly offer the Bees’ Knees Tease to allow folks to try us out before committing to a full month program.Swing dancing in Toronto is so much more than a collection of steps − It’s joining a welcoming and supportive community; it’s building new relationships and colourful memories; it’s unleashing renewed confidence and limitless potential; it’s discovering live music so infectious, the rhythm reigns; and it’s the exhilaration of finding Toronto’s best kept secret brimming with joy, inclusivity, creativity and physical expression.",,,,active,diamond,Ballet,Ballroom,,,,Listing,1,,,,,,,,,,,,,,,,
æByfield Dance Experience,æByfield Dance Experience,,http://bdxstudio.com,819 Yonge Street,,,,,,,,,,,,æM4W 2G9,43.672606,-79.387482,(416) 917-1169,,,,,hip hop || tap || adults,,active,gold,,,,,,,2,,,,,,,,,,,,,,,,
æEsmeralda Enrique Spanish Dance Company,æEsmeralda Enrique Spanish Dance Company,academy@flamencos.net,http://www.flamencos.net,401 Richmond Street West,,,,,,,,,,,,M5V 3A8,43.647884,-79.394823,(416) 595-5753,,,,,adults || flamenko,,active,gold,,,,,,,3,,,,,,,,,,,,,,,,
Advanced School of Music and Dance,Advanced School of Music and Dance,info@privatemusiclessons.ca,http://privatemusiclessons.ca,3030 Don Mills Road E,"Lower Level, Unit 23",,,,,,,,,,,M2J 2T9,43.785944,-79.35265,(416) 410-4397,,,,,Belly Dance || Acro || Ballet || Birthday party || Kids || Hip hop || Jazz || Bollywood,,active,gold,Ballet,,,,,,4,,,,,,,,,,,,,,,,
Afro-Latino Dance Company,Afro-Latino Dance Company,info@afrolatinodc.com,http://www.afrolatinodc.com,"901 Yonge St, Toronto, ON ",Lower level,,,,,,,,,,,M4W 2H2,43.674819,-79.388308,(416) 671-7140,(416) 503-0278,,,,kizomba || bachata || reggaeton || salsa || rumba || cuban salsa,,active,gold,National dance -> Afrocuban,Bachata,Kizomba,Latin,Performances,,5,,,,,,,,,,,,,,,,
Arabesque Academy,Arabesque,info@arabesquecanada.com,http://arabesquecanada.com,"1397 Yonge St, Toronto, ON",2nd floor,,,,,,,,,,, M4T 1Y4,43.687077,-79.393455,(416) 920-5593,,,,,Arabesque || adults || folk,,active,gold,Arabesque,Performances,,,,,6,,,,,,,,,,,,,,,,
Arthur Murray,Arthur Murray,info@arthurmurraynorthyork.com,http://www.arthurmurraynorthyork.com,"7-27 Rean Dr, Toronto, ON ",Units 7 & 8,,,,,,,,,,,M2K 0A6,43.767687,-79.382264,(416) 479-4225,,,,,latin || swing || adults || rumba || merengue,,active,gold,Adults,Private lessons,Wedding dance lessons,,,,7,,,,,,,,,,,,,,,,
Canada\'s National Ballet School,Canadas National Ballet School,,http://www.nbs-enb.ca,"400 Jarvis St, Toronto, ON",,,,,,,,,,,,M4Y 2G6,43.664004,-79.377724,(416) 964-3780,(416) 964-5133,,,,adults ballet,,active,gold,Adults,Ballet,Kids & Teens,Rentals,,,8,,,,,,,,,,,,,,,,
Barre Nouvelle Fitness and Dance,Barre Nouvelle Fitness and Dance,info@barrenouvelle.com,http://www.barrenouvelle.com,140 La Rose Avenue,Unit 201 ,,,,,,,,,,,M9P 1B1,43.684962,-79.523981,(416) 245-7070,,,,,creative moment || zumba || ballet,,active,gold,Kids & Teens,Adults,Ballet,,,,9,,,,,,,,,,,,,,,,
Bayview School of Ballet,Bayview School of Ballet,annakovarsky@bellnet.ca,http://www.bayviewballet.com,"148 Willowdale Ave, North York",,,,,,,,,,,,M2N 4Y4,43.766099,-79.400834,(416) 222-5111,,,,,adults ballet || pointe || tap || jazz || hip-hop || zumba || Lyrical Contemporary,,active,gold,Adults,Ballet,Kids & Teens,Professional dance,,,10,,,,,,,,,,,,,,,,
Beach Dance School,Beach Dance School,info@beachdanceschool.com,http://www.beachdanceschool.com,2495 Queen st. East,,,,,,,,,,,,M4E 1H9,43.67371,-79.281821,(416) 897-9750,,,,,adult ballet || jazz || hip-hop || tap || creative movement || teen ballet || martial arts || tango,,active,gold,Adults,Ballet,Kids & Teens,,,,11,,,,,,,,,,,,,,,,
Brass Vixens,Brass Vixens,info@brassvixens.com,http://brassvixens.com/home/#welcome,2130 Bloor Street W,,,,,,,,,,,,M6S 1M8,43.652305,-79.472471,(647) 348-2848,,,,,twerk || pole || burlesque || erotic chair dance,,active,gold,Pole,,,,,,12,,,,,,,,,,,,,,,,
Broadway Arts Centre,Broadway Arts Centre,info@broadwayartscentre.com,http://www.broadwayartscentre.com,"35 Golden Ave, Toronto, ON",,,,,,,,,,,,M6R 2J5,43.653899,-79.447876,(647) 294-3211,,,,,jazz || tap || hip-hop || creative movement || ballet || acro || musical || contemporary || studio rental || birthday party,,active,gold,Birthday party,Kids & Teens,Rentals,Ballet,Early dance,,13,,,,,,,,,,,,,,,,
C U Dance Productions,C U Dance Productions,info@CUdance.com,http://cudance.com,509 Bloor Street West,,,,,,,,,,,,M5S 1Y2,43.665629,-79.40841,(647) 795-9095,,,,,salsa || private lessons || bachata,,active,gold,Private lessons,,,,,,14,,,,,,,,,,,,,,,,
Cadence Dance Studio,Cadence Dance Studio,info@schoolcb.com,http://www.schoolcb.com,"593 Yonge St, Toronto, ON ",#301,,,,,,,,,,,M5T 1G2,43.648138,-79.402358,(416) 260-1829,,,,,Ballet || Pointe || Contemporary || Ballroom,,active,gold,Ballet,,,,,,15,,,,,,,,,,,,,,,,
Cadence Dance Academy,Cadence Dance Academy,info@cadencedanceacademy.com,http://www.cadencedanceacademy.com,302 Carlaw Avenue,Unit 105,,,,,,,,,,,M4M 3L1,43.663702,-79.341357,(416) 671-3855,,,,,bachata,,active,gold,,,,,,,16,,,,,,,,,,,,,,,,
Carmen Romero School of Flamenco Dance,Carmen Romero School of Flamenco Dance,carmen@carmenromero.ca,http://carmenromero.ca,228 Merton Street,,,,,,,,,,,,M4S 1A1,,,(416) 899-0987,,,,,flamenco dance school,,active,gold,Bamberas,Cuadro,Flamenco,Rentals,Adults,,17,,,,,,,,,,,,,,,,
City Dance Corps,City Dance Corps,info@citydancecorps.com,http://www.citydancecorps.com,489 Queen Street W,,,,,,,,,,,,M5V 2B4,,,(416) 260-2356,,,,,,,active,gold,Ballet,Hip Hop,Jazz,National dance -> Afro,Tap,,18,,,,,,,,,,,,,,,,
COBA Collective Of Black Artists,COBA Collective Of Black Artists,,http://www.cobainc.com,"585 Dundas St E, Toronto, ON ",Suite 130,,,,,,,,,,,M5A 2B7,43.660104,-79.361891,(416) 658-3111,,,,,,,active,gold,National dance -> Afro,National dance -> Afrocuban,National dance -> Caribbean,Modern,Rentals,,19,,,,,,,,,,,,,,,,
Creative Childrens Dance Centre,Creative Childrens Dance Centre,info@creativechildrensdancecentre.com,http://www.creativechildrensdancecentre.com,"2968 Dundas St W, Toronto, ON",,,,,,,,,,,,M6P 1Y8,43.665670,-79.468316,(416) 762-9200,,,,,,,active,gold,Acro,Ballet,Broadway,Creative,Jazz,,20,,,,,,,,,,,,,,,,
Damidance,Damidance Entertainment,damidance@ymail.com,http://www.damidance.com/classes.html,"51 Juliana Crt, York, ON ",,,,,,,,,,,,M6S 2R3,43.663824,-79.499719,(416) 995-1772,,,,,salsa || wedding lessons,,active,gold,Latin,Modern,Private lessons,Salsa,Wedding dance lessons,,21,,,,,,,,,,,,,,,,
Dance DNA,Dance DNA,info@dancedna.ca,http://dancedna.ca,219 Connie Crescent,Unit # 5,,,,,,,,,,,L4K 1L3,,,(905) 597-3362,,,,,,,active,gold,Ballroom,Latin,Private lessons,Kids & Teens,,,22,,,,,,,,,,,,,,,,
Dance Kids Canada,Dance Kids Canada,,http://www.dancekidscanada.com/index.html,1351 Woodbine Avenue,,,,,,,,,,,,M4C 4G4,,,(416) 422-5920,,,,,,,active,gold,Broadway,Acro,Jazz,Tap,Ballet,,23,,,,,,,,,,,,,,,,
DanceLife Studio,DanceLife Studio,info@dancelifestudio.com,http://dancelifestudio.com,593 Yonge Street,2nd floor,,,,,,,,,,,M4Y 1Z4,,,(647) 725-9658,,,,,,,active,gold,Wedding dance lessons,Private lessons,Adults,Kids & Teens,Ballroom,,24,,,,,,,,,,,,,,,,
DanceTeq ,DanceTeq ,info@danceteq.com,http://danceteq.com,"226 Queen Street W, Toronto, ON",2nd floor,,,,,,,,,,,M5V 1Z6,43.650285,-79.389976,(416) 361-9498,,,,,,,active,gold,Ballet,Pointe,,,,,25,,,,,,,,,,,,,,,,
Dancified,Dancified,,http://dancified.com,300 John Street,2nd floor,,,,,,,,,,,L3T 5W4,,,,,,,,ballet || heels || lyrical || jazz || hip hop,,active,gold,Ballet,Hip Hop,Jazz,Lyrical,Heels,,26,,,,,,,,,,,,,,,,
Dancing With Carolyn,Dancing With Carolyn,dancingwithcarolyn@gmail.com,http://www.dancingwithcarolyn.ca,"427 Bloor St W, Toronto, ON ",,,,,,,,,,,,M5S 1X6,43.666058,-79.405693,(416) 806-3311,,,,,,,active,gold,Acro,Adults,Ballet,Birthday party,Kids & Teens,,27,,,,,,,,,,,,,,,,
Dancingland Dance Studio,Dancingland Dance Studio,,http://dancingland.com,6 Tippett Road,,,,,,,,,,,,M3H 1V1,,,(416) 358-5595,,,,,,,active,gold,Line dance,Waltz,Rumba,Private lessons,Wedding dance lessons,,28,,,,,,,,,,,,,,,,
Dansation School of Dance,Dansation School of Dance,Dansation@Hotmail.ca,http://www.dansation.ca,882A Eglinton Avenue W,,,,,,,,,,,,M6C 2B6,,,(416) 671-0471,,,,,,,active,gold,Bachata,Salsa,,,,,29,,,,,,,,,,,,,,,,
Different Stages,Different Stages,info@differentstages.ca,http://www.differentstages.ca,160 Glenholme Avenue,,,,,,,,,,,,M6E 3C4,,,(647) 823-2374,,,,,,,active,gold,Adults,Groove,Jazz,Kids & Teens,,,30,,,,,,,,,,,,,,,,
Dragonfly Bellydance,Dragonfly Bellydance,dragonflybellydance@gmail.com,http://www.dragonflydance.ca,"559 Bloor St W, Toronto, ON",2nd floor,,,,,,,,,,, M5S 1Y6,43.665165,-79.410685,(416) 534-0330,,,,,,,active,gold,Belly dance,,,,,,31,,,,,,,,,,,,,,,,
Dynamic Dance Arts,Dynamic Dance Arts,,http://dynamicdancearts.com,6 Dixon Road,,,,,,,,,,,,M9P 2K9,,,(416) 792-2150,,,,,,,active,gold,Birthday party,Creative,Ballet,Hip Hop,Acro,,32,,,,,,,,,,,,,,,,
Eglinton Dance Academy,Eglinton Dance Academy,,,373a Eglinton Avenue W,,,,,,,,,,,,M5N 1A3,,,(416) 797-8052,,,,,,,active,gold,,,,,,,33,,,,,,,,,,,,,,,,
El Abrazo Argentine Tango Classes,El Abrazo Argentine Tango Classes,tangoilona@gmail.com,http://www.elabrazo.ca,206 Beverley Street,1 block south of College and St. George,,,,,,,,,,,M5T 1Z3,,,(416) 767-0033,,,,,,,active,gold,Adults,Tango,,,,,34,,,,,,,,,,,,,,,,
Frog Jump Swing Dance!,Frog Jump Swing Dance!,,http://www.frogjumpdance.ca,16 Baby Point Road,,,,,,,,,,,,M6S 2E9,43.658201,-79.489452,(647) 403-4410,,,,,,,active,gold,Lindy hop,Charleston,,,,,35,,,,,,,,,,,,,,,,
Gadfly,Gadfly,info@gadfly.ca,http://gadfly.ca,304 Parliament Street,,,,,,,,,,,,M5A 3A4,,,(647) 989-6809,,,,,hip hop || jazz || house,,active,gold,Hip Hop,House,Jazz,Private lessons,,Listing,36,,,,,,,,,,,,,,,,
Habeebas Dance Studio,Habeebas Dance Studio,dance@habeeba.com,http://www.habeeba.com,"179 Dundas St E, Toronto, ON",,,,,,,,,,,,M5A 1Z4,43.657000,-79.374191,(416) 920-8580,,,,,,,active,gold,Belly dance,Rentals,,,,,37,,,,,,,,,,,,,,,,
Harbourfront Centre,Harbourfront Centre,,,235 Queens Quay W,,,,,,,,,,,,M5J 2G8,,,(416) 973-4000,,,,,,,active,gold,,,,,,,38,,,,,,,,,,,,,,,,
Harbourfront Dance Studio,Harbourfront Dance Studio,info@theartofdance.org,http://www.theartofdance.org/index.htm,500 Queens Quay W,,,,,,,,,,,,,,,(416) 205-9264 ,,,,,,,active,gold,Ballroom,Latin,,,,,39,,,,,,,,,,,,,,,,
HH Dance & Fitness,HH Dance & Fitness,info@hhdance.com,http://www.hhdance.com/cms/,7310 Woodbine Avenue,Unit 7A,,,,,,,,,,,L3R 1A4,,,(416) 721-5226,,,,,,,active,gold,Ballroom,Salsa,Private lessons,,,,40,,,,,,,,,,,,,,,,
InStudio - The National Ballet Of Canada,InStudio - The National Ballet Of Canada,info@national.ballet.ca,http://national.ballet.ca/Explore/In-Studio?,470 Queens Quay W,,,,,,,,,,,,M5V 3K4,,,(416) 345-9595,,,,,,,active,gold,Ballet,Jazz,Pointe,,,,41,,,,,,,,,,,,,,,,
JDanse Studio,JDanse Studio,jdansestudio@gmail.com,http://www.jdansestudio.com,150 Nantucket Boulevard,,,,,,,,,,,,M1P 2P1,,,(416) 830-5601,,,,,,,active,gold,Ballet,Jazz,Hip Hop,Acro,Pointe,,42,,,,,,,,,,,,,,,,
Joy of Dance Centre,Joy of Dance Centre,,http://www.joyofdance.ca/,"95 Danforth Ave, Toronto, ON ",,,,,,,,,,,,M4K 1N2,43.676089,-79.358458,(416) 406-3262,,,,,,,active,gold,Performances,Parties,Rentals,Adults,Kids & Teens,,43,,,,,,,,,,,,,,,,
L\'ambiance Dance Centre,Lambiance Dance Centre,,http://www.lambiance.ca,29 Tandem Road,,,,,,,,,,,,L4K 3G1,,,(905) 763-9669,,,,,,,active,gold,Bachata,Ballroom,Salsa,Rentals,Parties,,44,,,,,,,,,,,,,,,,
L\'Arabesque Ballet,LArabesque Ballet,larabesqueballet@gmail.com,http://www.larabesqueballet.com,300 John Street,#200,,,,,,,,,,,L3T 5W4,,,(647) 523-9054,,,,,,,active,gold,Ballet,Pointe,Kids & Teens,Adults,,,45,,,,,,,,,,,,,,,,
Leaside Dance School,Leaside Dance School,info@leasidedance.com,http://www.leasidedance.com,"1399 Bayview Avenue, Toronto, ON ",,,,,,,,,,,,M4G 3A6 ,43.701980,-79.373699,(416) 519-3979,,,,,,,active,gold,Adults,Kids & Teens,Dance Camps,Ballet,Early dance,,46,,,,,,,,,,,,,,,,
Legacy of Dance Academy,Legacy of Dance Academy,legacyofdance@rogers.com,http://www.legacyofdance.com/index.php,"4077 Gordon Baker Rd, Scarborough, ON",,,,,,,,,,,,M1W 2S7,43.811036,-79.334674,(416) 492-4491,,,,,,,active,gold,Adults,National dance -> Armenian,Ballet,Birthday party,National dance -> Folk,,47,,,,,,,,,,,,,,,,
Liberty Dance,Liberty Dance,admin@libertydance.org,http://www.libertydance.org,171 E Liberty Street,,,,,,,,,,,,M6K 3P6,,,(416) 755-5423,,,,,,,active,gold,Ballet,Birthday party,Tap,Contemporary,Acro,,48,,,,,,,,,,,,,,,,
Lindy Hop Revolution,Lindy Hop Revolution,info@lindyhoprevolution.com,http://lindyhoprevolution.com,703 Bloor Street W,,,,,,,,,,,,M6G 1L5,,,(647) 858-9944,,,,,,,active,gold,Charleston,Jazz,Lindy hop,Performances,Private lessons,,49,,,,,,,,,,,,,,,,
London School of Dance,London School of Dance,info@studio24.com.bz,http://www.dancelondon.ca,24 Progress Avenue,,,,,,,,,,,,M1P 2Y4,,,(416) 298-9938,,,,,,,active,gold,Birthday party,Ballet,Rentals,Parties,Private lessons,,50,,,,,,,,,,,,,,,,
Lopa Sarkar & Divine Heritage Artistry,Lopa Sarkar & Divine Heritage Artistry,bollywoodgrooves@hotmail.com,http://www.lopasarkar.com,,,,,,,,,,,,,,,,(416) 624-9021,,,,,,,active,gold,Bollywood,,,,,,51,,,,,,,,,,,,,,,,
Marie Ann Longlade School of Dance,Marie Ann Longlade School of Dance,,http://www.longladedance.com,1650 Dundas Street E,Suite 205,,,,,,,,,,,L4X 2Z3,43.614228,-79.576674,(905) 276-7471,,,,,,,active,gold,Acro,Hip Hop,Jazz,Kids & Teens,Ballet,,52,,,,,,,,,,,,,,,,
Martha Hicks School of Ballet,Martha Hicks School of Ballet,office@mhsb.ca,http://www.mhsb.ca,1660 Avenue Road,2nd floor,,,,,,,,,,,M5M 3X9,,,(416) 484-4731,,,,,,,active,gold,Adults,Kids & Teens,Ballet,Contemporary,Jazz,,53,,,,,,,,,,,,,,,,
Mazouka Dance,Mazouka Dance,,http://www.mazouka.com,527 Bloor Street W,,,,,,,,,,,,M5S 1Y5,,,(647) 773-3887,,,,,,,active,gold,Zouk,Salsa,Private lessons,,,,54,,,,,,,,,,,,,,,,
Metro Movement Dance Studio,Metro Movement Dance Studio,,http://metromovement.com/,"833 Broadview Ave, Toronto, ON ",,,,,,,,,,,,M4K 2P9,43.678872,-79.357852,(416) 463-9174,,,,,,,active,gold,Ballet,Jazz,Tap,Contemporary,Adults,,55,,,,,,,,,,,,,,,,
Oip Dance Centre,Oip Dance Centre,,http://www.oipdance.com,190 Richmond Street E,,,,,,,,,,,,M5A 1P1,,,(647) 477-5225,,,,,,,active,gold,Hip Hop,Jazz,Contemporary,Heels,,,56,,,,,,,,,,,,,,,,
OLSI Dancesport,OLSI Dancesport,,http://olsidancesport.com,24 Martin Ross Ave,,,,,,,,,,,,M3J 2K8,,,(416) 665-1387,,,,,,,active,gold,Ballroom,Latin,Wedding dance lessons,Competition,,,57,,,,,,,,,,,,,,,,
Pegasus Studios,Pegasus Studios,pegasusstudios@rogers.com,http://www.pegasusstudios.com,361 Glebeholme Boulevard,,,,,,,,,,,,M4C 1T9,,,(416) 469-2799,,,,,,,active,gold,Adults,Ballet,Hip Hop,Jazz,Lyrical,,58,,,,,,,,,,,,,,,,
Pia Bouman School For Ballet and Creative Movement,Pia Bouman School For Ballet and Creative Movement,info@piaboumanschool.org,http://www.piaboumanschool.org,6 Noble Street,,,,,,,,,,,,M6K 2C6,,,(416) 533-3706,,,,,,,active,gold,Ballet,Early dance,Creative,Pointe,Rentals,,59,,,,,,,,,,,,,,,,
Pitt Studio,Pitt Studio,,,"46 St Clair Ave E, Toronto, ON ",,,,,,,,,,,,M4T 1M9,43.688726,-79.391913,(647) 907-7837,,,,,,,active,gold,,,,,,,60,,,,,,,,,,,,,,,,
Propel Dance Centre,Propel Dance Centre,info@propeldancecentre.com,http://www.propeldancecentre.com,240 Manor Road E,,,,,,,,,,,, M4S 1R8,,,(855) 537-4824,,,,,,,active,gold,Ballet,Birthday party,Early dance,Hip Hop,Kids & Teens,,61,,,,,,,,,,,,,,,,
Social Dance Spot,Social Dance Spot,classes@SocialDanceSpot.com,http://socialdancespot.com,1209 Saint Clair Avenue W,,,,,,,,,,,,M6E 1B5,,,(647) 718-0067,,,,,,,active,gold,Adults,National dance -> Afro,Bachata,Hip Hop,Kids & Teens,,62,,,,,,,,,,,,,,,,
Step Up Dance Camp,Step Up Dance Camp,,http://www.stepupdancecamp.com,3581 Dundas Street W,,,,,,,,,,,,M6S 2S8,,,(647) 209-8852,,,,,,,active,gold,Kids & Teens,,,,,,63,,,,,,,,,,,,,,,,
Tango by Leeliana,Tango by Leeliana,Leeliana@gmail.com,http://tangobyleeliana.com,427 Bloor Street W,,,,,,,,,,,,M5S 1X6,,,,,,,,,,active,gold,Adults,Tango,Waltz,,,,64,,,,,,,,,,,,,,,,
Tango Soul,Tango Soul,,http://www.tangosoul.org,817 Mount Pleasant Road,,,,,,,,,,,,M4P 2Z4,,,(647) 226-5377,,,,,,,active,gold,Tango,,,,,,65,,,,,,,,,,,,,,,,
The School of Toronto Dance Theatre,The School of Toronto Dance Theatre,info@schooloftdt.org,http://schooloftdt.org,"80 Winchester St, Toronto, ON",,,,,,,,,,,,M4X 1B2,43.666431,-79.367015,416-967-6887,,,,,,,active,gold,Adults,Contemporary,Creative,Early dance,Kids & Teens,,66,,,,,,,,,,,,,,,,
The Space,The Space,linette@the-space.ca,http://www.the-space.ca,1324 Danforth Avenue,,,,,,,,,,,,M4J 1M9,,,(416) 850-1677,,,,,,,active,gold,Adults,Kids & Teens,Creative,Ballet,Tap,,67,,,,,,,,,,,,,,,,
The Toronto School of Burlesque,The Toronto School of Burlesque,,http://www.torontoschoolofburlesque.com,721 Queen St W,,,,,,,,,,,,,,,(416) 884-7297,,,,,,,active,gold,Ballet,Go Go,Hip Hop,Showgirls,Burlesque,,68,,,,,,,,,,,,,,,,
Thornhill School of Ballet,Thornhill School of Ballet,,http://www.thornhillschoolofballet.ca,11 Glen Cameron Rd,,,,,,,,,,,,L3T 4N3,,,(905) 882-9796,,,,,,,active,gold,,,,,,,69,,,,,,,,,,,,,,,,
Toronto Dance,Toronto Dance,torontodance@hotmail.com,http://www.torontodance.ca,38 Elm Street,,,,,,,,,,,,M5G 2K5,43.657599,-79.383640,(416) 598-4077,,,,,,,active,gold,Adults,Ballroom,Latin,,,,70,,,,,,,,,,,,,,,,
Toronto Dance Industry,Toronto Dance Industry,,http://www.torontodanceindustry.com,"1530 Birchmount Rd, Scarborough, ON",,,,,,,,,,,,M1P 2G9,43.759828,-79.290489,(416) 285-4470,,,,,,,active,gold,Acro,Adults,Ballet,Competition,Contemporary,Listing,71,,,,,,,,,,,,,,,,
Toronto Dance Salsa,Toronto Dance Salsa,info@torontodancesalsa.ca,http://www.torontodancesalsa.ca,5095 Yonge Street,,,,,,,,,,,,M2N 6Z4,,,(416) 628-8287,,,,,,,active,gold,Bachata,Kizomba,Salsa,Tango,Rentals,,72,,,,,,,,,,,,,,,,
Toronto School of Ballet,Toronto School of Ballet,info@torontoschoolofballet.ca,http://www.torontoschoolofballet.ca,3785 Kingston Road,,,,,,,,,,,,M1J 3H4,,,(647) 352-5538,,,,,,,active,gold,Ballet,Pointe,Competition,Early dance,Jazz,,73,,,,,,,,,,,,,,,,
Toronto Social Dance School,Toronto Social Dance School,dancetor@gmail.com,http://www.ballroomdancingtoronto.com,39 Glen Cameron Road,,,,,,,,,,,,L3T 1P1,,,(905) 763-2623,,,,,,,active,gold,Salsa,Swing,Belly dance,Tango,Private lessons,,74,,,,,,,,,,,,,,,,
Vadim Mostovoy,Vadim Mostovoy,,,,,,,,,,,,,,,,,,(416) 894-5315,,,,,,,active,gold,,,,,,,75,,,,,,,,,,,,,,,,
Walker Dance Studios,Walker Dance Studios,WalkerDanceStudios@gmail.com,http://walkerdancestudios.com,1 Glouchester Street,,,,,,,,,,,,M4Y 1L8,,,(647) 606-8337,,,,,,,active,gold,Ballroom,Private lessons,Wedding dance lessons,Early dance,,,76,,,,,,,,,,,,,,,,
Zumba With Serena,Zumba With Serena,,,179 Dundas Street E,,,,,,,,,,,,,,,(647) 823-2468,,,,,,,active,gold,,,,,,,77,,,,,,,,,,,,,,,,
Hogtown Swing Dance Studio,Hogtown Swing Dance Studio,,http://www.hogtownswing.com,805 Dovercourt Rd,,,,,,,,,,,,M6H 2X4 ,,,416-464-4775,,,,,,,active,gold,Balboa,Jazz,Swing,Lindy hop,,,78,,,,,,,,,,,,,,,,
Sugar Hoops,Sugar Hoops,,http://www.sugarhoops.com,805 Dovercourt Rd,,,,,,,,,,,,M6H 2X4 ,,,(647) 882-4884,,,,,,,active,gold,Hoop dance,Birthday party,Parties,,,,79,,,,,,,,,,,,,,,,
GOdanz,GOdanz,Info@godanz.com,http://godanz.com,"805 Dovercourt Rd, Toronto, ON ",,,,,,,,,,,,M6H 2X4 ,43.662778,-79.429509,(416) 995-7638,,,,,,,active,gold,Kizomba,Salsa,,,,,80,,,,,,,,,,,,,,,,
towestcoast,towestcoast,julie@towestcoast.com,http://towestcoast.com,805 Dovercourt Rd,,,,,,,,,,,,M6H 2X4 ,,,416-920-0394,,,,,,,active,gold,Blues,Top 40 dance,R&B,,,,81,,,,,,,,,,,,,,,,
the move,the move,info@themovecollective.org,http://www.themovecollective.org,805 Dovercourt Rd,,,,,,,,,,,,M6H 2X4 ,,,,,,,,,,active,gold,Adults,Kids & Teens,Ecstatic Dance,,,,82,,,,,,,,,,,,,,,,
Argentine Tango Dance - Paradiso,Argentine Tango Dance - Paradiso,paradisotango@gmail.com,http://www.torontoargentinetango.blogspot.ca,805 Dovercourt Rd,,,,,,,,,,,,M6H 2X4 ,,,,,,,,,,active,gold,Tango,,,,,,83,,,,,,,,,,,,,,,,
Mostly Waltz,Mostly Waltz,mostlyw@gmail.com,http://www.mostlywaltz.ca,805 Dovercourt Rd,,,,,,,,,,,,M6H 2X4 ,,,,,,,,,,active,gold,National dance -> Polka,Swing,Waltz,Wedding dance lessons,,,84,,,,,,,,,,,,,,,,
Swing Toronto ,Swing Toronto ,,http://swingtoronto.com,805 Dovercourt Rd,,,,,,,,,,,,M6H 2X4 ,,,,,,,,,,active,gold,Swing,Lindy hop,,,,,85,,,,,,,,,,,,,,,,
Ecstatic Dance Toronto,Ecstatic Dance Toronto,info@tribaldancecommunity.com,http://www.tribaldancecommunity.com,805 Dovercourt Rd,,,,,,,,,,,,M6H 2X4 ,,,,,,,,,,active,gold,Ecstatic Dance,,,,,,86,,,,,,,,,,,,,,,,
5Rhythms,Waves 5Rhythms Class with Taeji,5R@windovergrass.com,https://5rhythmstoronto.com/,805 Dovercourt Rd,,,,,,,,,,,,M6H 2X4 ,,,(416) 520-2209,,,,,,,active,gold,Ecstatic Dance,,,,,,87,,,,,,,,,,,,,,,,
Toronto Contra Dance,Toronto Contra Dance,info@tcdance.org,http://ieee.uwaterloo.ca/~tcd/,175 Hampton Ave,,,,,,,,,,,,,,,(416) 703-4932,,,,,,,active,gold,Country,National dance -> Folk,,,,,88,,,,,,,,,,,,,,,,
Ontario Folk Dance Association,Ontario Folk Dance Association,sofsof@rogers.com,,,,,,,,,,,,,,,,,416.221.6280,,,,,,,active,gold,National dance -> Israeli,,,,,,89,,,,,,,,,,,,,,,,
The Ukrainian Academy of Dance,The Ukrainian Academy of Dance,info@ukrainianacademyofdance.com,http://www.ukrainianacademyofdance.com/?page_id=9,145 Evans Ave,#206,,,,,,,,,,,M8Z 5X8,43.618395,-79.509488,(647) 348-7947,,,,,,,active,gold,National dance -> Ukrainian,Kids & Teens,Hip Hop,Jazz,,,90,,,,,,,,,,,,,,,,
REAson d’etre dance,REAson d’etre dance,,http://www.reasondetre.com,"805 Dovercourt Rd, Toronto, ON ",3-Rd Floor,,,,,,,,,,,M6H 2X4,43.662778,-79.429509,,,,,,,,active,gold,Ecstatic Dance,Jam,,,,,91,,,,,,,,,,,,,,,,
Academy Of Ballet & Jazz,Academy Of Ballet & Jazz,canadianballettheatre@rogers.com,http://www.academyofballetandjazz.ca,34 Doncaster Ave ,,,,,,,,,,,,L3T 4S1,43.803752,-79.417865,(905) 886-0455,(905) 764-7365,,,,,,active,gold,Adults,Kids & Teens,Ballet,Acro,Modern,,92,,,,,,,,,,,,,,,,
Gotta Dance,Gotta Dance,Info@gottadance.ca,http://www.gottadance.ca/,3581B Dundas St W,,,,,,,,,,,,M6S 2S8,43.665573,-79.492284,(647) 846-8067,,,,,,,active,gold,Acro,Ballet,Birthday party,Break dance,Hip Hop,,93,,,,,,,,,,,,,,,,
Zeibekiko Toronto,Zeibekiko Toronto,zeibekikotoronto@gmail.com,http://www.zeibekikotoronto.com/,"62 Byng Ave, Toronto, ON",,,,,,,,,,,,M2N 7K3,43.777248,-79.412255,(647) 998-4732,,,,,,,active,gold,National dance -> Greek,,,,,,94,,,,,,,,,,,,,,,,
Definitely Dance,Definitely Dance,definitely-dance@rogers.com,http://www.definitelydance.ca/,"2885 Jane St, North York, ON",Unit 23 ,,,,,,,,,,,M3N 2J6,43.752440,-79.516389,(416) 389-7024,,,,,,,active,diamond,Ballet,Ballroom,Competition,Early dance,Jazz,Listing,95,,,,,,,,,,,,,,,,
The Dance Boutique,The Dance Boutique,sbad.etob@seanboutilier.com,http://seanboutilier.com/,"11 Plastics Ave, Etobicoke, ON",,,,,,,,,,,,M8Z 4B6,43.621882,-79.508663,(647) 846-8495,,,,,,,active,gold,Adults,Ballet,Competition,Jazz,Tap,,96,,,,,,,,,,,,,,,,
Annex Dance Academy Inc,Annex Dance Academy Inc,toronto@annexdanceacademy.com,http://www.annexdanceacademy.com/,"942 Bathurst St, Toronto, ON",,,,,,,,,,,,M5R 3G5,43.669182,-79.413045,(416) 533-2623,,,,,,,active,gold,Acro,Ballet,Early dance,Hip Hop,Jazz,,97,,,,,,,,,,,,,,,,
Diva Diverse,Diva Diverse,info@divadiverse.com,http://www.divadiverse.com/,,,,,,,,,,,,,,,,(416) 477-8082,,,"The Diva Diverse International Professional Dance Performers specialize in Bellydance, Bollywood, Brazilian Samba, Hawaiian, Latin/Salsa and much more! If you don\'t see a dance style you\'re looking for, contact us - we perform it ALL! With over 1000 originally designed costumes in our inventory, we can customize performances for any themed event!",,Professional Dance Performers,,active,gold,Performances,,,,,,98,,,,,,,,,,,,,,,,
Dance Life Studios,Andra Dance Studio,zilvis@andradancestudio.com,http://www.dancelifestudios.com,"4590 Dufferin St, North York, ON",,,,,,,,,,,,M3H 5S5,43.770340,-79.467841,(416) 667-0320,,,,,,,active,gold,Adults,Ballet,Ballroom,Competition,Hip Hop,,99,,,,,,,,,,,,,,,,
Prima Dance School,Prima Dance School,,http://www.primadanceschool.com/index.html,"2A-2105 Midland Ave, Scarborough, ON",,,,,,,,,,,,M1P 3E3,43.771087,-79.271757,(416) 642-4899,,,,,,,active,gold,Bollywood,Adults,Kids & Teens,,,,100,,,,,,,,,,,,,,,,
Russian Classical Ballet Academy,Russian Classical Ballet Academy,rcbatoronto@hotmail.com,http://www.balletrus.com/,"110 Sheppard Ave E, Toronto, ON",#103,,,,,,,,,,,M2N 6N5,43.763394,-79.404525,(647) 725-5400,,,,,,,active,gold,Adults,Acro,Ballet,Hip Hop,Contemporary,,101,,,,,,,,,,,,,,,,
Sophisticated Ballroom & Latin Dance Instruction,Sophisticated Ballroom & Latin Dance Instruction,stephen.murgatroyd019@sympatico.ca,http://www.sophisticatedballroomdance.com/,"100 Coe Hill Dr, Toronto, ON",,,,,,,,,,,,M6S 3E1,43.640876,-79.473391,(416) 767-7216,,,,,,,active,gold,Adults,Ballroom,Latin,Private lessons,,,102,,,,,,,,,,,,,,,,
Anna\'s Dance Centre,Anna\'s Dance Centre,,,"622 Bloor St W, Toronto, ON ",,,,,,,,,,,,M6G 1K7,43.664603,-79.414180,(416) 536-8700,,,,,,,active,gold,,,,,,,103,,,,,,,,,,,,,,,,
Toronto Dance Vibe,Toronto Dance Vibe,,http://dancevibes.com/new/,"179 Bartley Dr, North York, ON",,,,,,,,,,,,M4A 1E6,43.720900,-79.312098,(416) 385-9481,,,,,,,active,gold,Ballet,Acro,Tap,Hip Hop,Jazz,,104,,,,,,,,,,,,,,,,
The Dance Extension,The Dance Extension,,,"50 Paxman Rd, Etobicoke, ON M9C 1B7",,,,,,,,,,,,M9C 1B7,43.624242,-79.557214,(416) 626-1916,,,,,,,active,gold,Lyrical,,,,,,105,,,,,,,,,,,,,,,,
Chrys Stylz Entertainment,Chrys Stylz Entertainment,,,"555 Bloor St W, Toronto, ON ",,,,,,,,,,,,M5S 1Y6,43.665059,-79.410407,(647) 477-8574,,,,,,,active,gold,,,,,,,106,,,,,,,,,,,,,,,,
Hannan\'s Bellydance Studio,Hannan\'s Bellydance Studio,egyptiandanceacademy@gmail.com,http://www.discoverbellydance.com/,"211 Danforth Ave, Toronto, ON ",,,,,,,,,,,,M4K 1N2,43.676446,-79.355801,(416) 462-3498,(416) 946-1258,,,,,,active,gold,Adults,Belly dance,National dance -> Folk,Private lessons,Rentals,,107,,,,,,,,,,,,,,,,
Studio Nine,Studio Nine,info@danceatstudio9.com,http://www.danceatstudio9.com/,"4385 Sheppard Ave E, Scarborough, ON ",,,,,,,,,,,,M1S 1T9,43.787045,-79.270051,(416) 291-6692,,,,,,,active,gold,Acro,Adults,Ballet,Belly dance,Break dance,,108,,,,,,,,,,,,,,,,
The Martha Hicks School Of Ballet Inc,The Martha Hicks School Of Ballet Inc,office@mhsb.ca,http://www.mhsb.ca/,"1660 Avenue Rd, North York, ON",2nd Floor,,,,,,,,,,,M5M 3Y1,43.726697,-79.417433,(416) 484-4731,,,,,,,active,gold,Acro,Ballet,Contemporary,Hip Hop,Jazz,,109,,,,,,,,,,,,,,,,
Dance Surge,Dance Surge,info@dancesurge.ca,http://www.dancesurge.ca/,"398 Steeles Ave W, Thornhill, ON",,,,,,,,,,,,L4J 6X3,43.795601,-79.434900,(905) 886-3515,,,,,,,active,gold,Acro,Ballet,Hip Hop,Tap,Jazz,,110,,,,,,,,,,,,,,,,
Esmeralda Enrique Spanish Dance Company,Esmeralda Enrique Spanish Dance Company,eesdc@flamencos.net,http://www.flamencos.net/,"401 Richmond St W, Toronto, ON ",,,,,,,,,,,,M5V 3A8,43.647884,-79.394823,(416) 595-5753,,,,,,,active,gold,Flamenco,Tango,National dance -> Spanish,,,,111,,,,,,,,,,,,,,,,
Dance Dance Dance,Dance Dance Dance,,http://dancedancedance.ca/," 1556 Danforth Ave, Toronto, ON ",,,,,,,,,,,,M4J 1N4,43.683460,-79.324092, (416) 461-3888,,,,,,,active,gold,Ballroom,Latin,Private lessons,Wedding dance lessons,,,112,,,,,,,,,,,,,,,,
Ballet Creole,Ballet Creole,info@balletcreole.org,http://www.balletcreole.org/,"101 Portland St, Etobicoke, ON ",,,,,,,,,,,,M8Y 1B1,43.619373,-79.498206,(416) 960-0350,,,,,,,active,gold,Performances,National dance -> Caribbean,National dance -> Afro,Contemporary,,,113,,,,,,,,,,,,,,,,
Pure Dance Crew,Pure Dance Crew,puredancecrew1@gmail.com,http://www.puredancecrew.com/,"242 Lesmill Rd, North York, ON ",,,,,,,,,,,,M3B 2T5,43.761851,-79.359445,(416) 446-6800,,,,,,,active,gold,Acro,Ballet,Competition,Hip Hop,Jazz,,114,,,,,,,,,,,,,,,,
Donita Ballet School,Donita Ballet School,,http://donitaballet.com/,"155 Hilda Ave, North York, ON ",,,,,,,,,,,,M2M 1V6,43.793477,-79.426794,(416) 706-6191,,,,,,,active,gold,Adults,Ballet,Kids & Teens,,,,115,,,,,,,,,,,,,,,,
Luv 2 Bellydance,Luv 2 Bellydance,asteria@luv2bellydance.com,http://luv2bellydance.com/,"54-3021 Markham Rd, Scarborough, ON ",,,,,,,,,,,,M1X 1L8,43.829094,-79.248719,(647) 866-2542,,,,,,,active,gold,Belly dance,Performances,,,,,116,,,,,,,,,,,,,,,,
The Underground Dance Centre,The Underground Dance Centre,hello@theundergrounddance.com,http://www.theundergrounddance.com,"220 Richmond St W, Toronto, ON ",,,,,,,,,,,,M5V 1V6,43.649824,-79.388014,(647) 349-9477,,,,,,,active,gold,Club dance,Broadway,Hip Hop,Jazz,Heels,,117,,,,,,,,,,,,,,,,
Beaches Dance & Music Studio,Beaches Dance & Music Studio,beachesdancemusic@gmail.com,http://www.beachesdanceandmusic.com/,"1A Hannaford St, Toronto, ON ",,,,,,,,,,,,M4E 3G6,43.680535,-79.291264,(416) 699-5485,,,,,,,active,gold,Ballet,,,,,,118,,,,,,,,,,,,,,,,
Arthur Murray Dance Centers,Arthur Murray Dance Centers,info@arthurmurrayetobicoke.com,http://arthurmurrayetobicoke.com/,"3054 Bloor St W, Etobicoke, ON ",,,,,,,,,,,,M8X 1C4,43.647132,-79.513091,(416) 239-8149,,,,,,,active,gold,Bachata,Foxtrot,Hustle,Rumba,Swing,,119,,,,,,,,,,,,,,,,
Arte Flamenco,Arte Flamenco,elenalacomadre@rogers.com,http://www.arteflamenco.com/,"979 Bloor St W, Toronto, ON ",,,,,,,,,,,,M4C 1H1,43.689528,-79.391616,(416) 920-3774,,,,,flamenco toronto || flamenco,,active,gold,Flamenco,,,,,,120,,,,,,,,,,,,,,,,
Alterna Tango BDX Studios,Alterna Tango BDX Studios,alternaTANGO@gmail.com,http://alternatango.ca/,"819 Yonge St, Toronto, ON ",,,,,,,,,,,,M4W 2G9,43.672606,-79.387482,(416) 525-8227,,,,,,,active,gold,Tango,,,,,,121,,,,,,,,,,,,,,,,
Academy Ballroom,Academy Ballroom,,,"2140 Dundas St W, Toronto, ON ",,,,,,,,,,,,M6R 1X2,43.652920,-79.449558,(416) 531-8921,,,,,,,active,gold,Ballroom,Latin,,,,,122,,,,,,,,,,,,,,,,
Artistic Edge Dance Company Inc,Artistic Edge Dance Company Inc,INFO@ARTISTICEDGEDANCECO.COM,http://artisticedgedanceco.com/,"20 Drummond St, Etobicoke, ON ",,,,,,,,,,,,M8V 1Y8,43.612515,-79.499948,(416) 253-5050,,,,,,,active,gold,Acro,Ballet,Early dance,Hip Hop,Kids & Teens,,123,,,,,,,,,,,,,,,,
All That Dance Studios Inc,All That Dance Studios Inc,info@allthatdance.ca,http://www.allthatdance.ca/,"630 Magnetic Dr, North York, ON M3J 2C4",,,,,,,,,,,,M3J 2C4,43.784185,-79.476194,(416) 663-1212,,,,,,,active,gold,Competition,Hip Hop,Jazz,Tap,Kids & Teens,Listing,124,,,,,,,,,,,,,,,,
Alyona Dance Studio,Alyona Dance Studio,,http://www1.alyonadancestudio.com/,"2215 Queen St. East Toronto, ON",,,,,,,,,,,,  M4E 1E8,43.670761,-79.295926,(416) 699-8042,,,,,,,active,gold,,,,,,,125,,,,,,,,,,,,,,,,
Artists\' Play,Artists\' Play,,http://www.artistsplay.com/,"401 Logan Ave Toronto, ON",#201,,,,,,,,,,,M4M 2P2,43.664344,-79.343382,(416) 309-7529,,,,,,,active,gold,Adults,Ballet,Parties,Tap,Jazz,,126,,,,,,,,,,,,,,,,
Art Of Dance Center,Art Of Dance Center,info@artofdancecenter.com,http://artofdancecenter.com/,"1 Nelson St. West, Brampton, ON", suite 11B ,,,,,,,,,,,ON L4L 4V9,43.770010,-79.550861,(905) 595-0951,,,,,,,active,gold,Ballroom,Latin,Wedding dance lessons,,,,127,,,,,,,,,,,,,,,,
Ballet Jorgen,Ballet Jorgen,,http://www.balletjorgen.ca/,"160 Kendal Ave, Toronto, ON ",#126,,,,,,,,,,,M5R 1M3,43.675945,-79.410488,(416) 961-4725,,,,,professional ballet,,active,gold,Ballet,Performances,Professional dance,,,,128,,,,,,,,,,,,,,,,
Ballet Espressivo,Ballet Espressivo,,http://balletespressivo.com/,"51 Kendal Ave, Toronto, ON ",#228,,,,,,,,,,,M5R 1L8,43.671909,-79.408183,(647) 294-0784,,,,,,,active,gold,Adults,Ballet,,,,,129,,,,,,,,,,,,,,,,
Body Language Academy Of Dance,Body Language Academy Of Dance,,http://www.bodylanguageacademy.com/,"272 Jane St, Toronto, ON ",,,,,,,,,,,,M6S 3Z2,43.655772,-79.487273,(416) 763-1100,,,,,,,active,gold,Acro,Tap,Jazz,Ballet,Kids & Teens,,130,,,,,,,,,,,,,,,,
Cornerstone Studio,Cornerstone Studio,info@cornerstonestudio.ca,http://www.cornerstonestudio.ca/,"1519 Gerrard St E, Toronto, ON ",,,,,,,,,,,,M4L 2A4,43.672854,-79.319401,(416) 519-0890,,,,,,,active,gold,Acro,Ballet,Break dance,Contemporary,Early dance,,131,,,,,,,,,,,,,,,,
Creswell Dance Academy,Creswell Dance Academy,administration@creswelldance.com,http://creswelldance.com/,"2215 Queen St E, Toronto, ON ",,,,,,,,,,,,M4E 1E8,43.670761,-79.295926,(416) 686-0246,,,,,,,active,gold,Ballet,Dance Camps,Break dance,Contemporary,Competition,,132,,,,,,,,,,,,,,,,
Charb Arts,Charb Arts,dance@charbarts.com,http://www.charbarts.com/,"2238 Dundas St W, Toronto, ON",#111,,,,,,,,,,,M6R 3A9,43.654372,-79.451574,(416) 551-6461,,,,,,,active,gold,Ballet,Birthday party,Dance Camps,Early dance,Kids & Teens,,133,,,,,,,,,,,,,,,,
Chatsworth Studios Ltd,Chatsworth Studios Ltd,,,"74 Hazelton Ave, Toronto, ON ",,,,,,,,,,,,M5R 2E2,43.673070,-79.394392,(416) 968-0995,,,,,,,active,gold,,,,,,,134,,,,,,,,,,,,,,,,
Celtic Dance Centre,Celtic Dance Centre,,http://www.celticdancecentre.ca/,"836 Danforth Ave, Toronto, ON ",,,,,,,,,,,,M4J 1L6,43.679913,-79.340885,(416) 463-3319,,,,,,,active,gold,Tap,,,,,,135,,,,,,,,,,,,,,,,
Canadian Alliance Of Dance Artists,Canadian Alliance Of Dance Artists,office@cada-on.ca,http://cadaontario.camp8.org/,"215 Spadina Ave, Toronto, ON ",,,,,,,,,,,,M5T 2C7,43.650753,-79.396611,(416) 657-2276,,,,,,,active,gold,Professional dance,,,,,,136,,,,,,,,,,,,,,,,
Conservatory Of Dance & Music,Conservatory Of Dance & Music,cdmdance@me.com,,"5915 Leslie St, North York, ON ",,,,,,,,,,,,M2H 1J8,43.798030,-79.369809,(416) 497-1793,,,,,,,active,gold,Acro,Adults,Ballet,Early dance,Hip Hop,,137,,,,,,,,,,,,,,,,
Danceology,Danceology,info@danceology.org,http://danceology.org/,"200 Princes’ Blvd Toronto, ON",,,,,,,,,,,,M6K 3C3,43.632260,-79.421545,(416) 588-0111,,,,,,,active,gold,Ballroom,Latin,Rentals,,,,138,,,,,,,,,,,,,,,,
Dance To Live Studio,Dance To Live Studio,info@dancetolivestudio.com,http://www.dancetolivestudio.com/index.html,"1360 Bathurst St, Toronto, ON ",,,,,,,,,,,,M5R 3H7,43.679871,-79.417151, (416) 518-6178,,,,,,,active,gold,Salsa,,,,,,139,,,,,,,,,,,,,,,,
Doreen Hayes School Of Dancing,Doreen Hayes School Of Dancing,doreenhayes@gmail.com,http://www.doreenhayes.com/,"2453A Bloor St W, Toronto, ON ",,,,,,,,,,,,M6S 1P7,43.649122,-79.484519,(416) 767-3062,,,,,,,active,gold,Ballet,Tap,Jazz,Hip Hop,Musical,,140,,,,,,,,,,,,,,,,
Dance Classes Toronto,Dance Classes Toronto,,http://www.dance-classes.ca/,"38 Elm St, Toronto, ON ",,,,,,,,,,,,M5G 2K5,43.657599,-79.383640,(416) 598-4077,,,,,,,active,gold,Ballroom,Latin,Wedding dance lessons,,,,141,,,,,,,,,,,,,,,,
ELEVATION DANCENTRE,ELEVATION DANCENTRE,info@elevationdancentre.com,http://elevationdancentre.com/,"979 Bloor Street West Toronto, Ontario ",,,,,,,,,,,,M6H 1L7,43.661168,-79.429327,(416) 534-5633,,,,,,,active,gold,Acro,Pointe,Lyrical,Early dance,Musical,,142,,,,,,,,,,,,,,,,
Elite Dance Studio,Elite Dance Studio,,http://www.elitedancestudio.com/,"30 Kern Rd, North York, ON ",,,,,,,,,,,,M3B 1T1,43.749833,-79.350050,(416) 385-8866,,,,,,,active,gold,Ballroom,Latin,,,,,143,,,,,,,,,,,,,,,,
For The Love Of It School Of Dance,For The Love Of It School Of Dance,fortheloveofit@bellnet.ca,http://www.fortheloveofit.net/,"65 Glen Manor Dr, Toronto, ON ",,,,,,,,,,,,M4E 3V3,43.671115,-79.292096,(416) 691-0253,,,,,,,active,gold,Ballet,Jazz,Acro,Musical,Competition,,144,,,,,,,,,,,,,,,,
Favourite Dance Studio,Favourite Dance Studio,yulia@favoritedancestudio.com,http://www.favoritedancestudio.com/,"291A Jane St, Toronto, ON ",,,,,,,,,,,,M6S 3Z3,43.656363,-79.486954,(647) 501-0733,,,,,,,active,gold,Ballroom,Latin,,,,,145,,,,,,,,,,,,,,,,
Franco Dance Studios,Franco Dance Studios,info@francodance.com,http://www.francodance.com/,"1222A Bloor St W, Toronto, ON ",,,,,,,,,,,,M6H 1N3,43.659212,-79.439126,(416) 538-7777,,,,,,,active,gold,,,,,,,146,,,,,,,,,,,,,,,,
Front & Centre Dance Academy,Front & Centre Dance Academy,,http://www.frontandcentredance.com/,"1200 Castlefield Ave, York, ON ",,,,,,,,,,,,M6B 1G2,43.699923,-79.456765,(416) 916-3687,,,,,,,active,gold,Acro,Ballet,Adults,Birthday party,Early dance,,147,,,,,,,,,,,,,,,,
Groove School Of Dance,Groove School Of Dance,angela@grooveschoolofdance.com,http://grooveschoolofdance.com/,"491 Eglinton Ave W, Toronto, ON ",,,,,,,,,,,,M5N 1A8,43.703522,-79.412851,(416) 901-2914,,,,,,,active,gold,Parties,Dance Camps,Parents & Kids,Kids & Teens,Adults,,148,,,,,,,,,,,,,,,,
Hips Don\'t Lie Dance Co,Hips Don\'t Lie Dance Co,lyana@hipsdontlie.ca,,"700 Humberwood Blvd, ON ",,,,,,,,,,,,M3C 3N9,43.724765,-79.616485,(647) 444-1595,,,,,,,active,gold,Performances,,,,,,149,,,,,,,,,,,,,,,,
HooperSonic,HooperSonic,,http://www.hoopersonic.com/,"Toronto, ON",,,,,,,,,,,,,43.653226,-79.383184,(647) 274-4997,,,,,,,active,gold,Hoop dance,Performances,,,,,150,,,,,,,,,,,,,,,,
Innovative Rhythm Dance Studios,Innovative Rhythm Dance Studios,info@irdance.ca,http://www.irdance.ca/,"337 Evans Ave, Etobicoke, ON ",,,,,,,,,,,,M8Z 1K2,43.616579,-79.520555,(416) 239-1496,,,,,,,active,gold,Ballet,Tap,Lyrical,Jazz,Kids & Teens,,151,,,,,,,,,,,,,,,,
Interplay School of Dance,Interplay School of Dance,staff@interplay-dance.ca,http://www.interplay-dance.ca/,"250 Davisville Ave., Toronto, ON",5th floor ,,,,,,,,,,,,43.700693,-79.386404,(416) 972-1316,,,,,,,active,gold,Ballet,Early dance,Hip Hop,Jazz,Kids & Teens,,152,,,,,,,,,,,,,,,,
Salsa Babies,Salsa Babies,,http://salsababies.com/,"Toronto, ON",,,,,,,,,,,,,43.653226,-79.383184,(416) 258-0810,,,,,,,active,gold,Salsa,Parents & Kids,,,,Listing,153,,,,,,,,,,,,,,,,
John Howardson Dance Company,John Howardson Dance Company,info@johnhowardsondance.com,http://www.johnhowardsondance.com/,"6021 Yonge St, North York, ON ",,,,,,,,,,,,M2M 3W2,43.789675,-79.417347,855-543-2623,,,,,,,active,gold,Ballroom,Adults,Jive,Swing,Salsa,,154,,,,,,,,,,,,,,,,
Joy Booth School Of Dancing (JBSD),Joy Booth School Of Dancing (JBSD),info@joyboothschoolofdancing.com,http://joyboothschoolofdancing.com/,"70 Old Kingston Rd, Scarborough, ON",,,,,,,,,,,,M1E 3J5,43.776462,-79.180989,(905) 665-0700,,,,,,,active,gold,Acro,Ballet,Tap,Jazz,Creative,,155,,,,,,,,,,,,,,,,
Johnson Dance,Johnson Dance,,http://www.johnsonirishdance.com/,"95 Lavinia Ave, Toronto, ON ",,,,,,,,,,,,M6S 3H9,43.647633,-79.477978,(416) 763-4494,,,,,,,active,gold,Adults,Kids & Teens,National dance -> Irish,,,,156,,,,,,,,,,,,,,,,
Kids In Dance,Kids In Dance,corinne.moore@kidsindance.com,http://www.kidsindance.com/,"100 Penn Dr, North York, ON ",Unit #5,,,,,,,,,,,M9L 2A9,43.755222,-79.558133,(416) 748-2929,,,,,,,active,gold,Acro,Ballet,Early dance,Jazz,Kids & Teens,,157,,,,,,,,,,,,,,,,
Kaeja d\'dance,Kaeja d\'dance,,http://www.kaeja.org/,"734 Euclid Ave, Toronto, ON ",,,,,,,,,,,,M6G 2V2,43.666029,-79.415834,(416) 516-6030,,,,,,,active,gold,Creative,Contemporary,Adults,,,,158,,,,,,,,,,,,,,,,
La Danseuse,La Danseuse,,,"1735B Kipling Ave, Etobicoke, ON ",,,,,,,,,,,,M9R 2Y8,43.693314,-79.557283,(416) 235-1032,,,,,,,active,gold,,,,,,,159,,,,,,,,,,,,,,,,
LLS Dance School,LLS Dance School,,,"53-3021 Markham Rd, Scarborough, ON ",,,,,,,,,,,,M1X 1L8 ,43.829094,-79.248719,(416) 904-5571,,,,,,,active,gold,Bollywood,Hip Hop,,,,,160,,,,,,,,,,,,,,,,
Love To Dance On Bloor,Love To Dance On Bloor,,,"1222A Bloor St W, Toronto, ON ",,,,,,,,,,,,M6H 1N3,43.659212,-79.439126,(416) 486-4022,,,,,,,active,gold,,,,,,,161,,,,,,,,,,,,,,,,
Move Dance International,Move Dance International,info@movedanceconv.com,http://www.movedancecomp.com,"59 Portage Ave, North York, ON ",,,,,,,,,,,,M9N 3G8,43.710229,-79.520303,(647) 342-0548,,,,,,,active,gold,Tap,Jazz,Hip Hop,Contemporary,Adults,,162,,,,,,,,,,,,,,,,
OMO Dance Company,OMO Dance Company,contact@omodance.com,http://www.omodance.com/,"24 Second St, Etobicoke, ON ",,,,,,,,,,,,M8V 2X2,43.601331,-79.499226,(416) 516-5262,,,"OMO Dance Company was a dynamic multicultural company that engaged and excited its audiences through Artistic Director Debbie Wilson’s critically acclaimed choreography, and through collaborations with outstanding composers, artists and designers. OMO, founded in 1994, and ceased operations in August 2011. For current Debbie Wilson projects and production information - please visit http://debbiewilson.ca .",,,,active,gold,,,,,,,163,,,,,,,,,,,,,,,,
Ontario School Of Ballet & Related Arts,Ontario School Of Ballet & Related Arts,staff@ontarioschoolofballet.com,http://ontarioschoolofballet.com/,"1133 St Clair Ave W, Toronto, ON ",,,,,,,,,,,,M6E 1B1,43.678075,-79.441297,(416) 656-9568,,,,,,,active,gold,Acro,Ballet,Jazz,Tap,Hip Hop,,164,,,,,,,,,,,,,,,,
Ol-Si Dance Sport,Ol-Si Dance Sport,info@olsidancesport.com,http://olsidancesport.com/,"24 Martin Ross Ave, North York, ON",,,,,,,,,,,, M3J 2K8,43.774614,-79.470967,(416) 665-1387,,,,,,,active,gold,Adults,Ballroom,Private lessons,Wedding dance lessons,Latin,,165,,,,,,,,,,,,,,,,
Poise Dance,Poise Dance,info@poisedance.ca,http://www.poisedance.ca,"9 Banigan Dr, East York, ON ",,,,,,,,,,,,M4H 1G3,43.704410,-79.352744,(647) 546-9931,,,,,,,active,gold,Acro,Ballet,Kids & Teens,Hip Hop,,,166,,,,,,,,,,,,,,,,
Pia Bouman School For Ballet & Creative Movement,Pia Bouman School For Ballet & Creative Movement,info@piaboumanschool.org,http://www.piaboumanschool.org/,"6 Noble St, Toronto, ON M6K 2C6",,,,,,,,,,,,M6K 2C6,43.642553,-79.430284,(416) 533-3706,,,,,,,active,gold,Adults,Ballet,Contemporary,Early dance,Pointe,,167,,,,,,,,,,,,,,,,
Platunim Dance Centre,Platunim Dance Centre,info@platinumdancecentre.ca,http://www.platinumdancecentre.ca/,"30 Kern Avenue, Toronto, ON",,,,,,,,,,,,M3B 1T1,43.749833,-79.350050,(416) 828-6249,,,,,,,active,gold,Ballroom,Latin,,,,,168,,,,,,,,,,,,,,,,
Rhythm Dance Studio,Rhythm Dance Studio,info@rhythmdance.ca,http://www.rhythmdance.ca/,"6 Tippet Rd, North York, ON ",,,,,,,,,,,,M3H 2V2,43.733133,-79.447193,(416) 560-4445,,,,,,,active,gold,Ballet,Early dance,Jazz,Kids & Teens,Parents & Kids,,169,,,,,,,,,,,,,,,,
Roland and Romaine School of Dance,Roland and Romaine School of Dance,rrdance@rolandandromaine.com,http://www.rolandandromaine.com,"508B Lawrence Ave W, North York, ON ",,,,,,,,,,,,M6A 1A1,43.720244,-79.431293,(416) 782-1188,,,,,,,active,gold,Ballet,Jazz,Hip Hop,Acro,Early dance,,170,,,,,,,,,,,,,,,,
Rhythm & Motion Dance Studio,Rhythm & Motion Dance Studio,,http://www.rhythmandmotion.ca/,"3352 Dundas St W, Toronto, ON ",,,,,,,,,,,,M6P 2A4,43.665783,-79.481763,(416) 240-0808,,,,,,,active,gold,Ballroom,Latin,Bachata,Salsa,Swing,,171,,,,,,,,,,,,,,,,
Rita Ridaz Dance Academy,Rita Ridaz Dance Academy,,,"2238 Dundas St W, Toronto, ON ",,,,,,,,,,,,M6R 3A9,43.654372,-79.451574, (416) 464-0735,,,,,,,active,gold,,,,,,,172,,,,,,,,,,,,,,,,
Randolph School Of The Arts,Randolph School Of The Arts,,http://www.randolphacademy.com/,"736 Bathurst St, Toronto, ON ",,,,,,,,,,,,M5S 2R4,43.663583,-79.410840,(416) 924-2243,,,,,,,active,gold,Acro,Ballet,Contemporary,Early dance,Hip Hop,,173,,,,,,,,,,,,,,,,
Rock The Floor,Rock The Floor,,,"735 Renforth Dr, Etobicoke, ON ",,,,,,,,,,,,M9C 2N8,43.661195,-79.583858,(647) 436-8177,,,,,,,active,gold,,,,,,,174,,,,,,,,,,,,,,,,
Saugandhikam,Saugandhikam,,,"155 Marlee Ave, Toronto, ON ",,,,,,,,,,,,M6B 4B5,43.704485,-79.441682,(647) 621-4389,,,,,,,active,gold,,,,,,,175,,,,,,,,,,,,,,,,
Swansea School of Dance,Swansea School of Dance,info@swanseaschoolofdance.com,http://www.swanseaschoolofdance.com/,"356 Windermere Ave, Toronto, ON ",,,,,,,,,,,,M6S 3L3,43.648781,-79.480081,(416) 767-2842,,,,,,,active,gold,Ballet,Early dance,Acro,Kids & Teens,Jazz,,176,,,,,,,,,,,,,,,,
Shall We Dance,Shall We Dance,info@shallwedance.ca,http://www.shallwedance.ca/,"511 McNicoll Ave, North York, ON ",,,,,,,,,,,,M2H 2C9,43.803652,-79.339394,(416) 502-2333,,,,,,,active,gold,Adults,Parties,Wedding dance lessons,Private lessons,Salsa,,177,,,,,,,,,,,,,,,,
School of Canadian Contemporary Dance Theatre,School of Canadian Contemporary Dance Theatre,info@ccdt.org,http://www.ccdt.org/,"509 Parliament St, Toronto, ON ",,,,,,,,,,,,M4X 1P3,43.665091,-79.367973,(416) 924-5657,,,,,,,active,gold,Adults,Ballet,Contemporary,Creative,Hip Hop,Listing,178,,,,,,,,,,,,,,,,
Salsa Bachata Dance Lessons.Ca,Salsa Bachata Dance Lessons.Ca,,http://www.salsabachatadancelessons.ca/,"3 Clayton Drive Markham, ON",,,,,,,,,,,,L3R 8N3,43.828143,-79.308696,(416) 804-5030,,,,,,,active,gold,Salsa,Social dance,,,,,179,,,,,,,,,,,,,,,,
Simply Swagg Dance Studio,Simply Swagg Dance Studio,,http://www.simplyswagg.com/,"705 Progress Ave, Scarborough, ON ",,,,,,,,,,,,M1H 2X1,43.778096,-79.246548,(647) 296-7776,,,,,,,active,gold,Kids & Teens,Hip Hop,House,Krump,Adults,,180,,,,,,,,,,,,,,,,
Salsa For Singles,Salsa For Singles,,,"995 Broadview Ave, East York, ON ",,,,,,,,,,,,M4K 2S1,43.683963,-79.356907,,,,,,,,active,gold,Salsa,,,,,,181,,,,,,,,,,,,,,,,
Salsa For Charity Salsa Dance School,Salsa For Charity Salsa Dance School,,,"212 Adelaide St W, Toronto, ON ",,,,,,,,,,,,M5H 1W7,43.648633,-79.387520,(416) 999-2495,,,,,,,active,gold,,,,,,,182,,,,,,,,,,,,,,,,
Turning Pointe Academy,Turning Pointe Academy,reception@turningpointe.ca,http://turningpointe.ca/,"105 Vanderhoof Ave, East York, ON ",,,,,,,,,,,,M4G 2H7,43.711886,-79.360336,(416) 696-7466,,,,,,,active,gold,Ballet,Tap,Jazz,Kids & Teens,Dance Camps,,183,,,,,,,,,,,,,,,,
Tha Spot Dance Centre,Tha Spot Dance Centre,info@thaspotdancecentre.com,http://www.thaspotdancecentre.com/,"130 Industry St, North York, ON ",,,,,,,,,,,,M6M 5G3,43.694822,-79.494919,(416) 516-3041,,,,,,,active,gold,Birthday party,Rentals,Competition,Jazz,Kids & Teens,,184,,,,,,,,,,,,,,,,
Tandem Dance And Fitness Studios Inc,Tandem Dance And Fitness Studios Inc,info@tandemstudiostoronto.com,https://tandemstudiostoronto.com/,"3300 Yonge St, Toronto, ON ",,,,,,,,,,,,M4N 2L6,43.730593,-79.403812,(647) 348-4953,,,,,,,active,gold,Ballet,Acro,Broadway,Early dance,Hip Hop,,185,,,,,,,,,,,,,,,,
The School Of Toronto City Ballet,The School Of Toronto City Ballet,,,"3390 Midland Ave, Toronto, ON ",,,,,,,,,,,,M1V 5K3,43.809929,-79.290804,(416) 291-0119,,,,,,,active,gold,Ballet,Kids & Teens,,,,,186,,,,,,,,,,,,,,,,
Vivace Studios,Vivace Studios,info@vivacestudios.ca,http://www.vivacestudios.ca/,"291A Jane St, Toronto, ON ",,,,,,,,,,,,M6S 3Z3,43.656363,-79.486954,(416) 762-9100,,,,,,,active,gold,Belly dance,Workshop,,,,,187,,,,,,,,,,,,,,,,
York School of Dance,York School of Dance,info@yorkschoolofdance.com,http://www.yorkschoolofdance.com/home.aspx,"100 Old Orchard Grove, Toronto, ON ",,,,,,,,,,,,M5M 2E2,43.734110,-79.409086,(416) 910-3544,,,,,,,active,gold,Acro,Ballet,Hip Hop,Jazz,Tap,,188,,,,,,,,,,,,,,,,
Yavir School Of Ukrainian Dance,Yavir School Of Ukrainian Dance,yavir@bellnet.ca,http://yavir.ca/,"125 La Rose Ave, Etobicoke, ON ",,,,,,,,,,,,M9P 1A6,43.685245,-79.522465,(416) 243-3072,,,,,,,active,gold,National dance -> Ukrainian,,,,,,189,,,,,,,,,,,,,,,,
Arthur Murray,Arthur Murray,mississaugaarthurmurray@gmail.com,http://www.mississaugaarthurmurray.com/,"25 Watline Ave, Mississauga, ON",,,,,,,,,,,, L4Z 2Z1,43.621836,-79.672543,(905) 507-1921,,,,,,,active,gold,Wedding dance lessons,Social dance,Cha-cha-cha,Ballroom,Tango,,191,,,,,,,,,,,,,,,,
Moon Moo Life Group Inc,Moon Moo Life Group Inc,info@moonmoolife.com,http://www.moonmoolife.com,"688 Denison St, Markham, ON ",,,,,,,,,,,,L3R 1C1,43.824812,-79.338988,(647) 832-8955,,,,,,,active,gold,Kids & Teens,Adults,Hip Hop,Latin,,,192,,,,,,,,,,,,,,,,
Persian Dance School Inc,Persian Dance School Inc,info@persiandanceschool.com,http://www.persiandanceschool.com/pds/,"30 Vogell Rd, Richmond Hill, ON",,,,,,,,,,,,L4B 3K6,43.866486,-79.382903,(647) 346-0111,,,,,,,active,gold,National dance -> Persian,Adults,Kids & Teens,,,,193,,,,,,,,,,,,,,,,
Nine Dance Academy,Nine Dance Academy,office@theninedance.com,http://www.theninedance.com/,"2077 Rutherford Vaughan, ON L4K5T6",,,,,,,,,,,,L4K 5T6,43.837392,-79.501965,(905) 832-9992,,,,,,,active,gold,Acro,Ballet,Jazz,Hip Hop,Tap,,194,,,,,,,,,,,,,,,,
The Dance Corps,The Dance Corps,info@thedancecorps.net,http://www.thedancecorps.net/,"5285 Tomken Rd, Mississauga, ON ",,,,,,,,,,,,L4W 3N8,43.631852,-79.638743,(905) 212-7117,,,,,,,active,gold,Acro,Ballet,Competition,Hip Hop,Jazz,,195,,,,,,,,,,,,,,,,
Theatre Dance Academy,Theatre Dance Academy,theatredanceacademy@bellnet.ca,http://theatredanceacademy.com/#,,,,,,,,,,,,,,,,(905) 435-0762,,,,,,,active,gold,Kids & Teens,Acro,Tap,Hip Hop,Jazz,,196,,,,,,,,,,,,,,,,
Aradia Fitness,Aradia Fitness,mississauga@aradiafitness.com,http://mississauga.aradiafitness.com,"2283 Argentia Road Mississauga, ON",Unit 12,,,,,,,,,,, L5N 5Z2,43.598443,-79.747189, (905) 203-1980,,,,,pole dance || pole || adults dance,,active,gold,Pole,Hoop dance,Parties,Adults,,,197,,,,,,,,,,,,,,,,
HH DANCE & FITNESS,HH DANCE & FITNESS,info@hhdance.com,http://www.hhdance.com,"7310 Woodbine Ave., Markham, ON",Unit 7A,,,,,,,,,,,L3R 1A4,43.821398,-79.351528,(416) 721-5226,,,,,Toronto salsa || bachata || salsa || ontario dance classes,,active,gold,Ballroom,Adults,Salsa,Rumba,Waltz,,199,,,,,,,,,,,,,,,,
Barre Nouvelle,Barre Nouvelle,info@barrenouvelle.com,http://www.barrenouvelle.com/,"140 La Rose Avenue, Toronto, ON ",Unit 201,,,,,,,,,,,M9P 1B2,43.685596,-79.523730,(416)245-7070,,,,,,,active,gold,Ballet,Adults,Creative,Kids & Teens,,,200,,,,,,,,,,,,,,,,
Toronto West Coast Swing,Toronto West Coast Swing,julie@towestcoast.com,http://towestcoast.com/,"805 Dovercourt Rd, Toronto, ON ",,,,,,,,,,,,M6H 2X4,43.662778,-79.429509,(416) 920-0394,,,,,,,active,gold,Adults,Blues,R&B,Social dance,Swing,,201,,,,,,,,,,,,,,,,
TORONTO Tango Club,TORONTO Tango Club,,http://www.lacachila.com,"805 Dovercourt Rd, Toronto, ON ",3-Rd Floor,,,,,,,,,,,M6H 2X4,43.662778,-79.429509,(416)769-3348,,,,,,,active,gold,Tango,Social dance,,,,,202,,,,,,,,,,,,,,,,
MAD for DANCE,MAD for DANCE,info@madfordance.ca,http://www.madfordance.ca/mad-for-dance.html,"228 Merton St, Toronto, ON",2nd Floor,,,,,,,,,,,M4S 1A1,43.697602,-79.389227,(647) 527-6915,,,,,Toronto dance classes || danceevents || toronto ballroom || Toronto latin,,active,gold,Ballroom,Swing,Private lessons,Latin,,,203,,,,,,,,,,,,,,,,
EveryBodyDance,EveryBodyDance,henryhwai@gmail.com,https://everybodydanceyes.wordpress.com/,"805 Dovercourt Rd, Toronto, ON ",3 rd Floor,,,,,,,,,,,M6H 2X4,43.662778,-79.429509,,,,,,,,active,gold,Ecstatic Dance,Jam,,,,,204,,,,,,,,,,,,,,,,
2 Step Bhangra Dance Academy,2 Step Bhangra Dance Academy,,,"80 Nashdene Road Unit 216,  Markham, ON",,,,,,,,,,,,M1X 1L6,43.820217,-79.246185,(647) 705-9040,,,,,,,active,gold,Adults,Kids & Teens,National dance -> Indian,,,,205,,,,,,,,,,,,,,,,
Steps Dance Studio,Steps Dance Studio,info@stepsdancestudio.com,http://stepsdancestudio.com/,"819 Yonge Street, Toronto, ON ",3-rd floor,,,,,,,,,,,M4W 2G9,43.672606,-79.387482,(416) 656-7837,,,,,,,active,gold,Adults,Bachata,Hustle,Jazz,Kids & Teens,,206,,,,,,,,,,,,,,,,
BALIA SALSA SOCIETYY,BALIA SALSA SOCIETYY,ROCK17@LIVE.CA,https://woodbridgesalsa.com/,"427 Bloor Street West, Toronto ON ",,,,,,,,,,,,M5S1X7,43.666232,-79.405867,(647) 400-5052 ,,,,,,,active,gold,Bachata,Salsa,Private lessons,,,,207,,,,,,,,,,,,,,,,
DeVoy Academy of Irish Dance,DeVoy Academy of Irish Dance,,http://devoyacademy.com/,"1660 Avenue Road Toronto, ON",,,,,,,,,,,,M5M 3X9,43.726462,-79.417695,(647) 637-8660,,,,,,,active,gold,National dance -> Irish,,,,,,208,,,,,,,,,,,,,,,,
HiP KiK,HiP KiK,hipkik@rogers.com,http://hipkik.com/,"1485 Dupont Street,  , Toronto, ON",Unit 306,,,,,,,,,,,M6P 3S2,43.665823,-79.450227,(647) 892-5171,,,,,bellydance || performance bellydance || belly dance || performance belly dance,,active,gold,Belly dance,Performances,,,,,209,,,,,,,,,,,,,,,,
Inspiracion Latina Dance,Inspiracion Latina Dance,info@inspiracionlatina.com,http://www.inspiracionlatina.com/,,,,,,,,,,,,,,,,(647) 558-2726,,,,,,,active,gold,Belly dance,Performances,Salsa,Samba,Parents & Kids,,210,,,,,,,,,,,,,,,,
Salsa Boom Boom,Salsa Boom Boom,,,"427 Bloor Street W., Toronto, ON ",,,,,,,,,,,,M5S 1X6,43.666023,-79.405681,(647) 886-8972,,,,,cha-cha || salsa classes || bachata classes,,active,gold,Bachata,Cha-cha-cha,Merengue,Salsa,,,211,,,,,,,,,,,,,,,,
Salsaholics Anonymous,Salsaholics Anonymous,salsaholicsTO@gmail.com,http://www.salsaholics.ca/,"427 Bloor St West, Toronto, ON",The gymnasium Trinity St. Paul\'s Church,,,,,,,,,,,M5S 1X6,43.666023,-79.405681,(416) 655-2224,,,,,salsa classes || salsa Toronto,,active,gold,Salsa,,,,,,212,,,,,,,,,,,,,,,,
Swing & Sway,Swing & Sway,info@swingandsway.ca,http://swingandsway.ca/,"245 W Beaver Creek Rd., Richmond Hill, ON ",Unit 5A ,,,,,,,,,,,L4B 1L6,43.845809,-79.386284,(416) 856-1933,,,,,,,active,gold,Salsa,Latin,Private lessons,Social dance,,,213,,,,,,,,,,,,,,,,
In Harmony Dance,In Harmony Dance,inharmonyadmin@gmail.com,http://www.inharmonydance.ca/,"1220 Stellar Dr, Newmarket, ON",Unit 200 ,,,,,,,,,,,L3Y 7B8,44.076972,-79.427045,(905) 898-6229,,,,,kids dance classes || kids dance lessons,,active,gold,Kids & Teens,Dance Camps,Competition,Birthday party,Ballet,,214,,,,,,,,,,,,,,,,
Conscious Dance,Conscious Dance,info@consciousdance.ca,http://consciousdance.ca/,"80 Gladstone Ave, Toronto, ON ",,,,,,,,,,,,M6J 3K7,43.645015,-79.428362,,,,,,,,active,gold,Ecstatic Dance,Social dance,,,,,215,,,,,,,,,,,,,,,,
Dansecore,Dansecore,contact@dansecore.com,http://www.dansecore.com/,"14 Oxford St, Richmond Hill, ON ",Units 204-6-8,,,,,,,,,,,L4C 4L5,43.887255,-79.442612,(905) 508- 5580,,,,,,,active,gold,Ballet,Modern,Tap,Jazz,Hip Hop,,216,,,,,,,,,,,,,,,,
Alice Kwong School Of Dance,Alice Kwong School Of Dance,admin@alicekwongschoolofdance.com,http://www.alicekwongschoolofdance.com/,"22 Esna Park Drive, Markham, ON",,,,,,,,,,,, L3R 1E1,43.826588,-79.347156,(905) 881-1762,,,,,,,active,gold,Ballet,Pointe,Jazz,Tap,,,217,,,,,,,,,,,,,,,,
Danceland Studio,Danceland Studio,info@dancelandstudio.com,http://dancelandstudio.com/,"57 Newkirk Rd, Richmond Hill, ON ",,,,,,,,,,,,L4C 1A9 ,43.879646,-79.425886,(416) 856-2138,,,,,,,active,gold,Ballet,Adults,Hip Hop,Jazz,Kids & Teens,,218,,,,,,,,,,,,,,,,
Dance Sensation,Dance Sensation,info@dancesensation.ca,http://www.dancesensation.ca/,"55 West Beaver Creek Road Richmond Hill, ON ",Unit 19,,,,,,,,,,,L4B 1K5,43.854671,-79.391388,(905) 731-8830,,,,,,,active,gold,Competition,Hip Hop,Jazz,Tap,Lyrical,,219,,,,,,,,,,,,,,,,
Karpov Ballet Acadamy,Karpov Ballet Acadamy,,http://karpovballetacademy.ca/,"1455 16th Avenue, Richmond Hill, ON, ",Unit 6,,,,,,,,,,,L4B 4W5 ,43.861237,-79.388391,(289) 597-5077,,,,,,,active,gold,Ballet,Kids & Teens,Private lessons,Performances,,,220,,,,,,,,,,,,,,,,
Vlad\'s Dance Company,Vlad\'s Dance Company,vdc@rogers.com,http://vladsdance.com/,"565 Edward Ave, Richmond Hill, ON ",,,,,,,,,,,,L4C 9W8 ,43.898812,-79.428521,(905) 737-6446,,,,,,,active,gold,Ballet,Jazz,Competition,Early dance,Contemporary,,221,,,,,,,,,,,,,,,,
Dancetastic Studio Inc,Dancetastic Studio Inc,lori@dancetastic.ca,http://dancetastic.ca/,"6 Scott Drive, Richmond Hill, ON",Suite 202,,,,,,,,,,,L4C 6V6,43.846621,-79.432456,(905) 709-6092,,,,,,,active,gold,Acro,Ballet,Early dance,Hip Hop,Jazz,,222,,,,,,,,,,,,,,,,
Maple Academy Of Dance,Maple Academy Of Dance,mapleacademy1@bellnet.ca,http://www.mapleacademyofdance.com/,"255 Bass Pro Mills Drive,  Vaughan, ON  ",Unit 504,,,,,,,,,,,L4K 0A2,43.821904,-79.540631,(905) 660-6800,,,"Established since 1998 ~ We are proud to be celebrating 19 years of dance education in the City of Vaughan and the recipients of Vaughan Today’s Best Dance Academy and Best Business in Vaughan. We offer classes at Recreational and Competitive Levels.  Dance classes are offered in Jazz, Tap, Ballet, Acrobatics, Hip Hop and Musical Theatre. All students participate in our Year End Show held at the Living Arts Centre. We also offer Summer Camps, Intensives, P.A. Day Camps, March Break Camps, Birthday Parties and Private Lessons.We take pride in individuality and bringing out the best in each and every student at our Academy. We are confident that every student will have an enjoyable and successful season!",,,,active,gold,Ballet,Birthday party,Competition,Dance Camps,Early dance,,223,,,,,,,,,,,,,,,,
York Dance Academy,York Dance Academy,info@yorkdance.com,http://www.yorkdance.com/,"305 Industrial Pky S, Aurora, ON ",,,,,,,,,,,,L4G 6X7 ,43.986951,-79.453822,(905) 726-1241,,,"The York Dance Academy was founded in 1986 and has since become one of the foremost dance studios in York Region, offering programming for dancers aged 3 years to adult. Our professional staff will inspire, motivate and challenge students of every age and level.  Our goal is to enable dancers to achieve their fullest potential as artists, leaders and global citizens in a fun and friendly atmosphere.We are dedicated to providing the highest calibre of dance & fitness education for students in a variety of disciplines including, Ballet, Jazz, Tap, Lyrical, Acro, Hip Hop, Musical Theatre, Ballroom and Salsa.  In addition to our recreational and competitive programs, we also offer a professional teacher training program for those who wish to pursue a career in dance.",,,,active,gold,Acro,Ballet,Hip Hop,Jazz,Kids & Teens,,224,,,,,,,,,,,,,,,,
Victoria Ballet Academy,Victoria Ballet Academy,info@victoriaballet.com,http://www.victoriaballet.com/,"7 Bradwick Drive, Vaughan, ON",,,,,,,,,,,, L4K 2T4,43.817869,-79.482299, (905) 707-7580,,,,,,,active,gold,Adults,Ballet,Kids & Teens,Dance Camps,Rentals,,225,,,,,,,,,,,,,,,,
C B Dance Academy,C B Dance Academy,info@cbdance.ca,http://www.cbdance.ca/,"70 Newkirk Road, Richmond Hill, ON, ",,,,,,,,,,,,L4C 3G3,43.880027,-79.428165,(905) 884-8850,,,,,,,active,gold,Acro,Adults,Competition,Contemporary,Hip Hop,,226,,,,,,,,,,,,,,,,
Egyptian Goddess Studios,Egyptian Goddess Studios,,,"37 Woodstone Ave, Richmond Hill, ON ",,,,,,,,,,,,L4S 1H3,43.906710,-79.439243,(905) 967-2571,,,,,,,active,gold,,,,,,,227,,,,,,,,,,,,,,,,
Jcb Danceworks,Jcb Danceworks,info@jcbdanceworks.com,http://jcbdanceworks.com/,"10815 Bathurst St, Richmond Hill, ON",,,,,,,,,,,,L4C 9Y2,43.885243,-79.466526,(905) 737-6549,,,,,,,active,gold,Ballet,Pointe,Competition,Acro,Musical,,228,,,,,,,,,,,,,,,,
Norman Dance Company,Norman Dance Company,normandance@yahoo.com,http://www.normandance.com,"155 East Beaver Creek Road, Richmond Hill, ON",Unit 2 ,,,,,,,,,,,L4B 2N1 ,43.849123,-79.378200,905-707-1346,,,,,,,active,gold,National dance -> Chinese,,,,,,229,,,,,,,,,,,,,,,,
Dance Art Studio,Dance Art Studio,info@danceart.ca,http://danceart.ca,"10 East Wilmot Street, Richmond Hill, ON",,,,,,,,,,,,L4B 1G9,43.853561,-79.383622,(416) 878-4443,,,,,,,active,gold,Adults,Ballroom,Salsa,Wedding dance lessons,Kids & Teens,Listing,230,,,,,,,,,,,,,,,,
Soul In Motion Dance Art,Soul In Motion Dance Art,,http://soulinmotiondance.com/,"588 Edward Ave., Richmond Hill, ON",Unit 36-37 ,,,,,,,,,,,L4C 9Y6,43.897538,-79.430612,(905) 770-6183,,,,,,,active,gold,Acro,Ballet,Competition,Hip Hop,Jazz,,231,,,,,,,,,,,,,,,,
Evolution Dance Studio,Evolution Dance Studio,info@evolutionstudio.ca,http://evolutionstudio.ca/,"10557 Keele St., Maple, ON",Unit 3 ,,,,,,,,,,,L6A 0J5,43.869823,-79.515114,(905) 879-3900,,,,,,,active,gold,Birthday party,Competition,Dance Camps,Kids & Teens,Private lessons,,232,,,,,,,,,,,,,,,,
Twist Dance Academy,Twist Dance Academy,INFO@TWISTDANCE.CA,http://www.twistdance.ca/,"20 Cranston Park Ave, Maple, ON ",,,,,,,,,,,,L6A 2W2,43.858483,-79.524567,(905) 553-5559,,,,,,,active,gold,Acro,Ballet,Hip Hop,Jazz,Kids & Teens,,233,,,,,,,,,,,,,,,,
Georgia\'s Dance & Arts Cultural Centre,Georgia\'s Dance & Arts Cultural Centre,info@gdnadance.com,http://www.gdnadance.com,"280 Yorktech Drive  Markham, ON",Unit 12,,,,,,,,,,, L6G 0A6,43.846183,-79.349913,(905) 477-4362,,,,,,,active,gold,Jazz,National dance -> Chinese,Performances,,,,234,,,,,,,,,,,,,,,,
Nine Dance Academy Inc,Nine Dance Academy Inc,office@theninedance.com,http://www.theninedance.com/,"2077 Rutherford, Vaughan, ON  ",,,,,,,,,,,,L4K 5T6,43.837392,-79.501965,(905) 832-9992,,,,,,,active,gold,Dance Camps,Competition,Hip Hop,Jazz,Kids & Teens,,235,,,,,,,,,,,,,,,,
Energy Dance Arts,Energy Dance Arts,info@energydancearts.com,http://www.energydancearts.com/,"2535 Major Mackenzie Drive, Maple, ON",Unit 10a ,,,,,,,,,,,L6A 1C6,43.852234,-79.521174,(905) 879-8777,,,,,,,active,gold,Acro,Ballet,Birthday party,Competition,Dance Camps,,236,,,,,,,,,,,,,,,,
Allegro Dance School,Allegro Dance School,allegrodance5@gmail.com,http://www.allegrodanceschool.com/,"8403 Yonge St., Thornhill, ON",Suite #201,,,,,,,,,,,L3T 6R2,43.832184,-79.427446,(905) 889-9799 ,,,,,,,active,gold,Ballet,Adults,Jazz,Kids & Teens,Tap,,237,,,,,,,,,,,,,,,,
Dance With Mara,Dance With Mara,morrico@sympatico.ca,http://www.dancewithmara.ca,"131 Whitmore Rd, Woodbridge, ON ",,,,,,,,,,,,L4L 6E4,43.785606,-79.554941,(905) 856-1338,,,,,,,active,gold,Adults,Acro,Ballet,Break dance,Jazz,,238,,,,,,,,,,,,,,,,
CM Cha Cha Cha Dance Studio,CM Cha Cha Cha Dance Studio,cmchachacha@yahoo.ca,http://www.cmchachacha.com/,"90B Centurian Drive, Markham, ON",Unit 8,,,,,,,,,,,L3R 8C1,43.852147,-79.364567,(905) 475-6899,,,,,,,active,gold,Ballroom,Latin,Social dance,Salsa,Waltz,,239,,,,,,,,,,,,,,,,
The Dance Institute,The Dance Institute,tdidanceinstitute@gmail.com,http://www.thedanceinstitute.ca,"60 Spy Court, Markham, ON",,,,,,,,,,,,L3R 5H6,43.856274,-79.356234,(905) 472-4443,,,,,,,active,gold,Ballet,Contemporary,Competition,Jazz,Hip Hop,,240,,,,,,,,,,,,,,,,
Master Dance Academy,Master Dance Academy,info@masterdanceacademy.com,http://masterdanceacademy.com/,"205 Champagne Dr, North York, ON ",,,,,,,,,,,,M3J 2C6,43.765673,-79.470934,(647) 969-3100,,,,,,,active,gold,Acro,Adults,Ballet,Break dance,Hip Hop,,241,,,,,,,,,,,,,,,,
Dance With Us,Dance With Us,info@dancewithus.ca,http://www.dancelessons.ca/,"7883 Keele Street, Concord, ON ",,,,,,,,,,,,L4K 4G7 ,43.802896,-79.499754,(416) 221-3881,,,,,,,active,gold,Adults,Ballroom,Club dance,Competition,Kids & Teens,,242,,,,,,,,,,,,,,,,
Academy of Ballet and Jazz,Academy of Ballet and Jazz,canadiaballettheatre@rogers.com,http://www.academyofballetandjazz.ca/,"34 Doncaster Ave, Thornhill, ON ",,,,,,,,,,,,L3T 2W4,43.803752,-79.417865,(905) 886-0455,,,,,,,active,gold,Ballet,Kids & Teens,Pointe,Jazz,Lyrical,,243,,,,,,,,,,,,,,,,
Grand Dance Studio Inc,Grand Dance Studio Inc,,http://granddance.ca/,"34 Doncaster Ave, Thornhill, ON",Unit 6 ,,,,,,,,,,,  L3T 4S1,43.803752,-79.417865,(905) 771-0008,,,,,,,active,gold,Adults,Ballroom,Kids & Teens,Private lessons,Social dance,,244,,,,,,,,,,,,,,,,
Cardinal\'s Viva Dance,Cardinal\'s Viva Dance,tanya@vivadance.ca,http://vivadance.ca/,"180 Yorkland Blvd, North York",,,,,,,,,,,,M2J 1R5,43.771195,-79.334858, (416) 993-1319,,,,,,,active,gold,Latin,Private lessons,,,,,245,,,,,,,,,,,,,,,,
Wonderland Dance Company,Wonderland Dance Company,marie@wonderlanddance.ca,http://www.wonderlanddance.ca/#top,"300 John Street,  Thornhill, ON ",Suite 200,,,,,,,,,,,L3T 5W4,43.820571,-79.398720,(289) 597-5253,,,,,,,active,gold,Adults,Kids & Teens,,,,,246,,,,,,,,,,,,,,,,
Swing and Sway,Swing and Sway,,http://swingandsway.ca/,"245 West Beaver Creek Rd, Richmond Hill, ON",,,,,,,,,,,, L4B 1L1,43.845809,-79.386284,(416) 856-1933,,,,,,,active,gold,Social dance,Latin,Salsa,,,,247,,,,,,,,,,,,,,,,
Dance Mania,Dance Mania,igornikon.dm@gmail.com,http://www.dancemaniaschool.com,"245 West Beaver Creek Rd, Richmond Hill, ON ",,,,,,,,,,,,L4B 1L1 ,43.845809,-79.386284,(905) 695-0173,,,,,,,active,gold,Adults,Kids & Teens,Latin,Competition,Ballroom,,248,,,,,,,,,,,,,,,,
Nakisa Dance Academy,Nakisa Dance Academy,info@nakisadanceacademy.com,http://www.nakisadanceacademy.com/,"160 East Beaver Creek,  Richmond Hill, ON",Unit # 14,,,,,,,,,,, L4B 3J6,43.848828,-79.376135,(905) 886- 4545,,"At Nakisa Dance Academy, our goal is to make dance an enjoyable activity for all age groups and skill levels. We believe in order to achieve this goal it is important to provide a comfortable, warm and fun environment to allow for dancers to express ",,"At Nakisa Dance Academy, our goal is to make dance an enjoyable activity for all age groups and skill levels. We believe in order to achieve this goal it is important to provide a comfortable, warm and fun environment to allow for dancers to express ",,,active,gold,Adults,Belly dance,Kids & Teens,National dance -> Persian,Bollywood,,249,,,,,,,,,,,,,,,,
IV Dance Academy,IV Dance Academy,info@ivdanceacademy.ca,http://www.ivdanceacademy.ca/,"386 Deerhurst Dr, Brampton, ON ",,,,,,,,,,,,L6T 5H9,43.747898,-79.673869,(905) 790-7950,,,,,,,active,gold,Kids & Teens,Tap,Dance Camps,Ballet,Acro,,250,,,,,,,,,,,,,,,,
Tha Spot Dance Centre,Tha Spot Dance Centre,info@thaspotdancecentre.com,http://www.thaspotdancecentre.com/index.html,"130 Industry Street, North York, ON",,,,,,,,,,,, M6M 5G3,43.694822,-79.494919,(416) 516-3041,,,,,,,active,gold,Birthday party,Competition,Lyrical,Jazz,Tap,,252,,,,,,,,,,,,,,,,
Jessica\'s Dance Innovations,Jessica\'s Dance Innovations,jessdanc@jessdanceinn.ca,http://www.jessdanceinn.ca/,"2500 Williams Pky, Brampton, ON ",,,,,,,,,,,,L6S 5M9,43.759309,-79.703826,(905) 494-1411,,,,,,,active,gold,Acro,Ballet,Jazz,Kids & Teens,Hip Hop,,253,,,,,,,,,,,,,,,,
Elegance Ballet Studio,Elegance Ballet Studio,info@eleganceballet.com,http://www.eleganceballet.com,"7676 Woodbine Avenu, Markham,ON ",Unit 12A ,,,,,,,,,,,L3R 2N2,43.829933,-79.354441,(905) 604-6909,,,,,,,active,gold,Adults,Ballet,Kids & Teens,National dance -> Chinese,,,254,,,,,,,,,,,,,,,,
Canadian Dance Unit,Canadian Dance Unit,office@canadiandanceunit.com,http://www.canadiandanceunit.com,"29 McEwan Dr W, Bolton, ON ",,,,,,,,,,,,L7E 1H4,43.857785,-79.718851,(905) 857-5444,,,,,,,active,gold,Acro,Ballet,Jazz,Tap,Contemporary,,255,,,,,,,,,,,,,,,,
Somerville Dance Academy,Somerville Dance Academy,office@sdadance.ca,http://www.somervilledanceacademy.com/,"141 King Rd, Richmond Hill, ON ",,,,,,,,,,,,L4E 3L7,43.942899,-79.459578,(905) 773-7013,,,,,,,active,gold,Ballet,Acro,Contemporary,Kids & Teens,Modern,,256,,,,,,,,,,,,,,,,
Dance With Me Toronto,Dance With Me Toronto,,http://dancewithmetoronto.com/,"7310 Woodbine Avenu, Markham, ON ",,,,,,,,,,,,L3R 1A4,43.821398,-79.351528,(647) 998-4375,,,,,,,active,gold,Salsa,Private lessons,Wedding dance lessons,Tango,Parties,,257,,,,,,,,,,,,,,,,
Body Lines Dance & Fitness,Body Lines Dance & Fitness,info@bodylinesdanceandfitness.com,http://www.bodylinesdanceandfitness.com/,,,,,,,,,,,,,,,,(905) 415-2639,,,,,,,active,gold,Acro,Musical,Hip Hop,Parents & Kids,,,258,,,,,,,,,,,,,,,,
Coffey’s Danc’n Place,Coffey’s Danc’n Place,coffeysdancnplace@gmail.com,http://www.coffeysdancnplace.com,"8 Automatic Road  Building A,  Brampton, ON  ",Unit 5 & 6 ,,,,,,,,,,,L6S 5N4,43.755760,-79.707610,(905) 458-9943,,,,,,,active,gold,Birthday party,Rentals,Jazz,Hip Hop,Contemporary,,259,,,,,,,,,,,,,,,,
Chen\'s Dance & Arts Studio,Chen\'s Dance & Arts Studio,,,"726 Gordon Baker Rd, North York, ON ",,,,,,,,,,,,M2H 3B4 ,43.809823,-79.342639,,,,,,,,active,gold,,,,,,,260,,,,,,,,,,,,,,,,
Cristina Pora Balaceanu Classical Dance Academy,Cristina Pora Balaceanu Classical Dance Academy,director@poradanceacademy.ca,http://www.poradanceacademy.ca,"2133 Royal Windsor Drive, Mississauga, ON",Unit 13-14,,,,,,,,,,,L5J 1K5,43.509324,-79.632703,(905) 823-5150,,,,,,,active,gold,Ballet,Pointe,Tap,Modern,Jazz,,261,,,,,,,,,,,,,,,,
Tds Dance Space,Tds Dance Space,shannon@tdsdancespace.com,http://www.tdsdancespace.com,"2375 Tedlo St, Mississauga, ON ",,,,,,,,,,,,L5A 3W7,43.587720,-79.596980,(905) 272-2772,,,,,,,active,gold,Ballet,Creative,Jazz,Kids & Teens,Tap,,262,,,,,,,,,,,,,,,,
Futures Gymnastics Millcreek,Futures Gymnastics Millcreek,office@futuresgymnastics.com,http://www.futuresgymnastics.com,"6991 Millcreek Drive, Mississauga, ON",,,,,,,,,,,, L5N 6B9,43.598009,-79.758832,(905) 819-9042,,,,,,,active,gold,Ballet,Birthday party,Hip Hop,Acro,Jazz,,263,,,,,,,,,,,,,,,,
Van Buskirk Studios of Dance,Van Buskirk Studios of Dance,vbstudios@aol.com,http://www.vanbuskirkstudios.org/,"755 The Queensway East, Mississauga, ON",Unit 103,,,,,,,,,,,L4Y 4C5,43.590133,-79.591320,(905) 272-0409,,,,,,,active,gold,Early dance,Ballet,Tap,Jazz,Contemporary,,264,,,,,,,,,,,,,,,,
Mississauga School of Dance,Mississauga School of Dance,msd4dance@gmail.com,http://www.mississaugaschoolofdance.com,"168 Queen Street South,  Mississauga ",Unit B2 ,,,,,,,,,,,L5M 1K8,43.582086,-79.714618,(905) 567-5020,,,,,,,active,gold,Acro,Ballet,Early dance,Hip Hop,Jazz,,265,,,,,,,,,,,,,,,,
Toronto Dance Life company,Toronto Dance Life company,info@torontodancelife.ca,http://torontodancelife.ca,,,,,,,,,,,,,,,,(647) 473-0462,,,,,,,active,diamond,Performances,,,,,Listing,266,,,,,,,,,,,,,,,,
DANCESHOW,Danceshow,,http://www.danceshow.ca,"7883 Keele Street,  Vaughan, ON",,,,,,,,,,,,L4K1Y6,43.802896,-79.499754,(416) 817-9826,,,,,,,active,diamond,Performances,,,,,Listing,267,,,,,,,,,,,,,,,,
Zabava,Zabava,,,"8888 Keele Street, Vaughan, ON",,,,,,,,,,,,,43.827669,-79.507248,,,,,,,,active,diamond,National dance -> Russian,,,,,Listing,268,,,,,,,,,,,,,,,,
Fleck Dance Theatre,Fleck Dance Theatre,,http://harbourfrontcentre.com,"207 Queens Quay West, Toronto, ON",,,,,,,,,,,,M5J 1A7,43.639606,-79.381022,(416) 973-4000,,,,,,,active,gold,Performances,,,,,Listing,269,,,,,,,,,,,,,,,,
Dancing Mom,Dancing Mom,,https://www.dancingmom.ca/,,,,,,,,,,,,,,,,,,,"Learn salsa, meet new friends, socialize and have fun - parents, babies, grandparents ... Whole family welcome!",,,,active,gold,Salsa,Parents & Kids,,,,Listing,270,,,,,,,,,,,,,,,,
ViBE Dance & Fitness Studio!,ViBE Dance & Fitness Studio!,info@vibestudio.ca,http://www.vibestudio.ca/,"1450 Clark Avenue West, Thornhill, ON",,,,,,,,,,,,L4J 7R5 ,43.798451,-79.470957,(905) 763-8423,,,,,,,active,gold,Acro,Adults,Ballet,Birthday party,Dance Camps,Listing,271,,,,,,,,,,,,,,,,
